VideoIDs,Status,Category,Sentiment,Unnamed: 4,Unnamed: 5,Unnamed: 6,Sathya Vlogs,Unnamed: 8,Unnamed: 9,Unnamed: 10,Unnamed: 11,Unnamed: 12
https://www.youtube.com/watch?v=BLrhIpa4ThE,1,P,N,,Sathya Vlogs,,Pramuka TV,,,,,
https://www.youtube.com/watch?v=9QciXuD7REw,1,P,N,,Pramuka TV,,Hiru gossip,,,,,
https://www.youtube.com/watch?v=8kkA5qgEquI,1,P,N,,Hiru gossip,,choize tv,,,,,
https://www.youtube.com/watch?v=-HEJOeDw-FU,1,O,N,,choize tv,,Hela Rahas,,,,,
https://www.youtube.com/watch?v=ZZo56j5hHAU,1,O,N,,Hela Rahas,,,,,,,
https://www.youtube.com/watch?v=hcjgC1_odN0,1,O,N,,Hit TV,,,,,,,
https://www.youtube.com/watch?v=g04oC2zM6N8,1,O,N,,,,social tv,,,,,
https://www.youtube.com/watch?v=KsdgR4NmxuQ,1,SG,N,X,social tv,,,,,,,
https://www.youtube.com/watch?v=4QZ_DsjyKBA,1,O,N,,,,,,,,,
https://www.youtube.com/watch?v=7_S_rpwhE5Q,1,P,N,,,,,,,,,
https://www.youtube.com/watch?v=SVb29lZa1F8,1,P,N,,,,P-Political,P-Positive,,,,
https://www.youtube.com/watch?v=SA-aV0Swf4U,1,P,P,,P-Political,P-Positive,O-Other,N-Negative,,,,
https://www.youtube.com/watch?v=lX-AkxrwEGI,1,P,N,,O-Other,N-Negative,SG-Sex / Gender,,,,,
https://www.youtube.com/watch?v=hNC1Khn9ifY,1,O,N,,SG-Sex / Gender,,RE-Religious/ Ethnic,,,,,
https://www.youtube.com/watch?v=_c_Y32c8PiA,1,O,P,,RE-Religious/ Ethnic,,,,,,,
https://www.youtube.com/watch?v=YgGpaSmbn8E,1,SG,N,X,,,,,,,,
https://www.youtube.com/watch?v=SHM_NdSYU00,1,P,P,,,,,,,,,
https://www.youtube.com/watch?v=drZsgzR8rnU,1,P,P,,,,,,,,,
https://www.youtube.com/watch?v=fCWRqx0EJ7g,1,P,P,,,,,,,,,
https://www.youtube.com/watch?v=grxsOrEdn6c,1,P,N,,,,,,,,,
https://www.youtube.com/watch?v=9_XqZbB3j10,1,P,N,,,,,,,,,
https://www.youtube.com/watch?v=KKdO0y-nJgI,1,P,P,,,,,,,,,
https://www.youtube.com/watch?v=hpaDyNNtVaI,1,P,P,,,,,,,,,
https://www.youtube.com/watch?v=tLg4M67pRbY,1,P,N,,,,,,,,,
https://www.youtube.com/watch?v=BZkSu5e-M-A,1,P,N,,,,,,,,,
https://www.youtube.com/watch?v=909arlda2ow,1,P,N,,,,,,,,,
https://www.youtube.com/watch?v=ncAFLk9jHyM,1,P,N,,,,,,,,,
https://www.youtube.com/watch?v=4lWLsTV9M8M,1,O,P,,,,,,,,,
https://www.youtube.com/watch?v=zsveVthjADE,1,P,N,,,,,,,,,
https://www.youtube.com/watch?v=Bwsy_3kiYIs,1,RE,P,,,,,,,,,
https://www.youtube.com/watch?v=hnj4vGQMUiQ,1,O,P,,,,,,,,,
https://www.youtube.com/watch?v=jj93MGZ7hXs,1,RE,P,,,,,,,,,
https://www.youtube.com/watch?v=iVEoa5PGl9U,1,P,N,,,,,,,,,
https://www.youtube.com/watch?v=ap_XIZhLPpA,1,P,P,,,,,,,,,
https://www.youtube.com/watch?v=gt8wEi-GPkQ,1,P,N,,,,,,,,,
https://www.youtube.com/watch?v=qhFSGJ0KKVE,1,RE,P,,,,,,,,,
https://www.youtube.com/watch?v=pg3dLLNN5h0,1,P,N,,,,,,,,,
https://www.youtube.com/watch?v=MuZ6u5dmTJY,1,O,N,,,,,,,,,
https://www.youtube.com/watch?v=DiRa_wqL-Zg,1,SG,N,,,,,,,,,
https://www.youtube.com/watch?v=9TopeMRLykQ,1,P,N,,,,,,,,,
https://www.youtube.com/watch?v=5CoIM1GU4fY,1,O,N,,,,,,,,,
https://www.youtube.com/watch?v=3Tuzl5QRY88,1,P,P,,,,,,,,,
https://www.youtube.com/watch?v=QATKTvw3_GE,1,RE,P,,,,,,,,,
https://www.youtube.com/watch?v=7i85WvjQ_C4,1,O,N,,,,,,,,,
https://www.youtube.com/watch?v=KMSk5x4N5kk,1,RE,P,,,,,,,,,
https://www.youtube.com/watch?v=xNVb0etNyQg,1,SG,N,,,,,,,,,
https://www.youtube.com/watch?v=qKWqPnHQYm8,1,P,N,,,,,,,,,
https://www.youtube.com/watch?v=oyU4utf0QV4,1,O,P,,,,,,,,,
https://www.youtube.com/watch?v=0ztmDtKnAE4,1,O,P,,,,,,,,,
https://www.youtube.com/watch?v=3qwcMveOveA,1,O,P,,,,,,,,,
https://www.youtube.com/watch?v=4V_oU5YD8_M,1,SG,N,,,,,,,,,
https://www.youtube.com/watch?v=lPODjE_OSBU,1,O,P,X,,,,,,,,
https://www.youtube.com/watch?v=44-IMqwU0zk,1,O,P,,,,,,,,,
https://www.youtube.com/watch?v=yt1fEX-qjP4,1,O,N,,,,,,,,,
https://www.youtube.com/watch?v=AlF8ZMaQ0Dg,1,RE,N,,,,,,,,,
https://www.youtube.com/watch?v=5ovv5D4uxRM,1,SG,N,,,,,,,,,
https://www.youtube.com/watch?v=5wz7202hjfQ,1,SG,P,,,,,,,,,
https://www.youtube.com/watch?v=I0USs-OPXvk,1,RE,N,,,,,,,,,
https://www.youtube.com/watch?v=ytNAn0eTDrw,1,RE,N,,,,,,,,,
https://www.youtube.com/watch?v=Go3rKDpYRQM,1,SG,P,,,,,,,,,
https://www.youtube.com/watch?v=h6Lz4JHrhLQ,1,O,N,,,,,,,,,
https://www.youtube.com/watch?v=SyWSV-k4VFU,1,O,P,,,,,,,,,
https://www.youtube.com/watch?v=xpAX99bLElQ,1,RE,P,,,,,,,,,
https://www.youtube.com/watch?v=XHe547yqjbo,1,SG,N,,,,,,,,,
https://www.youtube.com/watch?v=cet91LwqJWM,1,SG,N,,,,,,,,,
https://www.youtube.com/watch?v=ZQnpmesRMtI,1,SG,N,,,,,,,,,
https://www.youtube.com/watch?v=BewGQcXnL_w,1,SG,N,,,,,,,,,
https://www.youtube.com/watch?v=VDHaqgFAYZg,1,SG,P,,,,,,,,,
https://www.youtube.com/watch?v=HhUzEXOP-9I,1,O,P,,,,,,,,,
https://www.youtube.com/watch?v=biohLvkbvAI,1,RE,N,,,,,,,,,
https://www.youtube.com/watch?v=I0ghltY1WnE,1,RE,P,,,,,,,,,
https://www.youtube.com/watch?v=9p_x6rFMQlI,1,RE,P,,,,,,,,,
https://www.youtube.com/watch?v=qWQLQXOlo1g,1,O,N,,,,,,,,,
https://www.youtube.com/watch?v=O4XzUVvRw_I,1,SG,P,,,,,,,,,
https://www.youtube.com/watch?v=mzP6uTapdhs,1,O,P,,,,,,,,,
https://www.youtube.com/watch?v=RhDFgRoqK0c,1,O,P,,,,,,,,,
https://www.youtube.com/watch?v=ZmQwr4myPoc,1,O,P,,,,,,,,,
https://www.youtube.com/watch?v=hTh_YRy5x6A,1,RE,N,,,,,,,,,
https://www.youtube.com/watch?v=Z7Npq0HZgMk,1,O,P,,,,,,,,,
https://www.youtube.com/watch?v=fS0vZzL3ViI,1,SG,N,,,,,,,,,
https://www.youtube.com/watch?v=LJ8txHvSbFc,1,SG,N,,,,,,,,,
https://www.youtube.com/watch?v=GkVlmSIhX_8,1,O,N,,,,,,,,,
https://www.youtube.com/watch?v=LmRZwGRLusA,1,SG,P,,,,,,,,,
https://www.youtube.com/watch?v=bI8mH0a6At0,1,O,N,,,,,,,,,
https://www.youtube.com/watch?v=u7fVWeKx6tE,1,SG,N,,,,,,,,,
https://www.youtube.com/watch?v=2ZX0ow2nick,1,O,P,,,,,,,,,
https://www.youtube.com/watch?v=1Xm3-vusxu4,1,RE,P,,,,,,,,,
https://www.youtube.com/watch?v=i0d4imdlEbM,1,O,N,,,,,,,,,
https://www.youtube.com/watch?v=ZZFAwPm_b6I,1,SG,N,,,,,,,,,
https://www.youtube.com/watch?v=j76dOQyRYgM,1,O,P,,,,,,,,,
https://www.youtube.com/watch?v=BXnTP7uhYsI,1,SG,N,,,,,,,,,
https://www.youtube.com/watch?v=NQU5aRBT4D8,1,O,N,,,,,,,,,
https://www.youtube.com/watch?v=BhHdDbnr0wg,1,SG,N,,,,,,,,,
https://www.youtube.com/watch?v=1uZidtyv_xI,1,O,P,,,,,,,,,
https://www.youtube.com/watch?v=IDb2zs30oKY,1,O,N,,,,,,,,,
https://www.youtube.com/watch?v=P9ytAExy1bs,1,O,N,,,,,,,,,
https://www.youtube.com/watch?v=flgvvl5obEE,1,O,P,,,,,,,,,
https://www.youtube.com/watch?v=0PeJ3_dUeaM,1,O,P,,,,,,,,,
https://www.youtube.com/watch?v=2ij3tUoF4Qc,1,O,N,,,,,,,,,
https://www.youtube.com/watch?v=bb8xR3p3o9U,1,O,P,,,,,,,,,
https://www.youtube.com/watch?v=r-6jvIsyP9E,1,O,P,,,,,,,,,
https://www.youtube.com/watch?v=GsWEfeLhbSU,1,P,P,,,,,,,,,
https://www.youtube.com/watch?v=g5chettdLiA,1,O,P,,,,,,,,,
https://www.youtube.com/watch?v=vO5K24xnt3E,1,O,P,,,,,,,,,
https://www.youtube.com/watch?v=Ty0ik-YzfJA,1,O,P,,,,,,,,,
https://www.youtube.com/watch?v=D3qRkP5rdPc,1,P,N,,,,,,,,,
https://www.youtube.com/watch?v=JguIfcfBWoE,1,O,N,,,,,,,,,
https://www.youtube.com/watch?v=AJGxcvhBzKE,1,P,P,,,,,,,,,
https://www.youtube.com/watch?v=xtiGLoqca9o,1,P,N,,,,,,,,,
https://www.youtube.com/watch?v=RAyqDrnObEc,1,O,N,,,,,,,,,
https://www.youtube.com/watch?v=UH7NTa2DmgM,1,P,N,,,,,,,,,
https://www.youtube.com/watch?v=IJgf-YkVCmc,1,P,N,,,,,,,,,
https://www.youtube.com/watch?v=mHwNIlDOJ04,1,P,P,,,,,,,,,
https://www.youtube.com/watch?v=UsEcj3b02AM,1,O,N,,,,,,,,,
https://www.youtube.com/watch?v=wakJ1ghuA8E,1,O,P,,,,,,,,,
https://www.youtube.com/watch?v=xR4vpZ83VdQ,1,O,P,,,,,,,,,
https://www.youtube.com/watch?v=BUhHPUSQdus,1,O,P,,,,,,,,,
https://www.youtube.com/watch?v=X-wE_eOFg_Y,1,SG,P,,,,,,,,,
https://www.youtube.com/watch?v=gYoiMaCqs2Q,1,P,N,,,,,,,,,
https://www.youtube.com/watch?v=IoRHgnUf7kc,1,O,P,,,,,,,,,
https://www.youtube.com/watch?v=D8pccvqh4Mg,1,RE,N,,,,,,,,,
https://www.youtube.com/watch?v=3YDxj9gsrHk,1,P,N,,,,,,,,,
https://www.youtube.com/watch?v=he07LCpb5PA,1,RE,P,,,,,,,,,
https://www.youtube.com/watch?v=ZUKYndw0mjc,1,RE,P,,,,,,,,,
https://www.youtube.com/watch?v=ksw5ce-zWFs,1,RE,P,,,,,,,,,
https://www.youtube.com/watch?v=nq8laVh6bKI,1,O,N,,,,,,,,,
https://www.youtube.com/watch?v=63GZM-3_Yg0,1,RE,N,,,,,,,,,
https://www.youtube.com/watch?v=tlSjKqZbl2w,1,RE,P,,,,,,,,,
https://www.youtube.com/watch?v=XX2GGeqM1MY,1,RE,P,,,,,,,,,
https://www.youtube.com/watch?v=xdSO4oT93iM,1,O,N,,,,,,,,,
https://www.youtube.com/watch?v=sv6iagt4za4,1,O,N,,,,,,,,,
https://www.youtube.com/watch?v=hIBF9LI8Rko,1,RE,N,,,,,,,,,
https://www.youtube.com/watch?v=dxdzhgZMCus,1,SG,N,,,,,,,,,
https://www.youtube.com/watch?v=VXfzVRYsxdM,1,SG,N,,,,,,,,,
https://www.youtube.com/watch?v=xML0Y9N1uWw,1,O,P,,,,,,,,,
https://www.youtube.com/watch?v=8L3K1w5wapE,1,O,N,,,,,,,,,
https://www.youtube.com/watch?v=NkivqdxocTI,1,O,P,,,,,,,,,
https://www.youtube.com/watch?v=LwvLRAk_LPo,1,O,P,,,,,,,,,
https://www.youtube.com/watch?v=POcqgcikj1g,1,O,P,,,,,,,,,
https://www.youtube.com/watch?v=xofvsJGJugg,1,O,P,,,,,,,,,
https://www.youtube.com/watch?v=tfo4Q5Ex47I,1,O,N,,,,,,,,,
https://www.youtube.com/watch?v=T2xiWf13xzc,1,O,P,,,,,,,,,
https://www.youtube.com/watch?v=qvoHW5nnb1Q,1,O,P,,,,,,,,,
https://www.youtube.com/watch?v=FSLi1pplWDs,1,SG,N,,,,,,,,,
https://www.youtube.com/watch?v=xRdlEU711mg,1,O,P,,,,,,,,,
https://www.youtube.com/watch?v=JJtJOKMYNLs,1,O,P,,,,,,,,,
https://www.youtube.com/watch?v=F_rTdr5ZJmo,1,RE,P,,,,,,,,,
https://www.youtube.com/watch?v=JxcJVxPDZ-M,1,SG,N,,,,,,,,,
https://www.youtube.com/watch?v=d2ziXfsV21w,1,SG,N,,,,,,,,,
https://www.youtube.com/watch?v=BQYZR0AKiNQ,1,O,P,,,,,,,,,
https://www.youtube.com/watch?v=tpyDcMhM-Qs,1,SG,N,,,,,,,,,
https://www.youtube.com/watch?v=U1o2fmtfqFM,1,O,P,,,,,,,,,
https://www.youtube.com/watch?v=ivczN8IciSg,1,O,N,,,,,,,,,
https://www.youtube.com/watch?v=3izyZ44FtXk,1,SG,P,,,,,,,,,
https://www.youtube.com/watch?v=NStRRFdWOz0,1,O,P,,,,,,,,,
https://www.youtube.com/watch?v=Tb0xDgaMxjk,1,O,P,,,,,,,,,
https://www.youtube.com/watch?v=a3_sbHtgcDE,1,O,P,,,,,,,,,
https://www.youtube.com/watch?v=qdXuC4luj6A,1,P,N,,,,,,,,,
https://www.youtube.com/watch?v=djOQF8n20lM,1,O,P,,,,,,,,,
https://www.youtube.com/watch?v=Kr9dsEYWAhs,1,O,P,,,,,,,,,
https://www.youtube.com/watch?v=4FoRzfijHNY,1,O,N,,,,,,,,,
https://www.youtube.com/watch?v=8Pl0W_agFpA,1,O,N,,,,,,,,,
https://www.youtube.com/watch?v=I_DmipJERy0,1,O,P,,,,,,,,,
https://www.youtube.com/watch?v=v9DLUAWcev4,1,O,P,,,,,,,,,
https://www.youtube.com/watch?v=leekZ6c4qRI,1,O,P,,,,,,,,,
https://www.youtube.com/watch?v=v0FGvt7PbAU,1,O,N,,,,,,,,,
https://www.youtube.com/watch?v=g0yXbjUAHec,1,O,P,,,,,,,,,
https://www.youtube.com/watch?v=XoDdalTsPBo,1,O,P,,,,,,,,,
https://www.youtube.com/watch?v=LMiGBHiZwyk,1,O,P,,,,,,,,,
https://www.youtube.com/watch?v=Dzk2EGmOFzo,1,O,P,,,,,,,,,
https://www.youtube.com/watch?v=GFjdsMUnW7s,1,O,P,,,,,,,,,
https://www.youtube.com/watch?v=oZHEPmzlFZM,1,O,P,,,,,,,,,
https://www.youtube.com/watch?v=ne02gK3QKmU,1,O,P,,,,,,,,,
https://www.youtube.com/watch?v=abGyWND_pWU,1,O,P,,,,,,,,,
https://www.youtube.com/watch?v=usZ2j2hUNtQ,1,O,P,,,,,,,,,
https://www.youtube.com/watch?v=g3cQXrUa6ks,1,O,N,,,,,,,,,
https://www.youtube.com/watch?v=b2DXv4QwiSg,1,O,P,,,,,,,,,
https://www.youtube.com/watch?v=wRLzRCZkO9E,1,O,P,,,,,,,,,
https://www.youtube.com/watch?v=i_elitZF3vo,1,O,P,,,,,,,,,
https://www.youtube.com/watch?v=elkGNbkNOKQ,1,O,P,,,,,,,,,
https://www.youtube.com/watch?v=iXLAbu-Crww,1,O,P,,,,,,,,,
https://www.youtube.com/watch?v=2Le8eVazKLo,1,O,P,,,,,,,,,
https://www.youtube.com/watch?v=SJGUaFxCd3k,1,O,P,,,,,,,,,
https://www.youtube.com/watch?v=92feC7IqAac,1,O,P,,,,,,,,,
https://www.youtube.com/watch?v=vTUBIu1ssEw,1,O,P,,,,,,,,,
https://www.youtube.com/watch?v=tAV2Hk_LkNY,1,O,N,,,,,,,,,
https://www.youtube.com/watch?v=dj7bcIcwLwE,1,O,P,,,,,,,,,
https://www.youtube.com/watch?v=6X2O-_ui8AU,1,O,P,,,,,,,,,
https://www.youtube.com/watch?v=TZRWsc8QJtM,1,O,P,,,,,,,,,
https://www.youtube.com/watch?v=YK9ZqUD569w,1,O,P,,,,,,,,,
https://www.youtube.com/watch?v=KgxofxUJhsk,1,O,P,,,,,,,,,
https://www.youtube.com/watch?v=ib8_Xrx_who,1,O,P,,,,,,,,,
https://www.youtube.com/watch?v=mFpsQ7ZE1g0,1,O,P,,,,,,,,,
https://www.youtube.com/watch?v=UC7aGXsG5co,1,O,P,,,,,,,,,
https://www.youtube.com/watch?v=03yvis3d7p8,1,O,P,,,,,,,,,
https://www.youtube.com/watch?v=n1Y_trSTgtU,1,O,P,,,,,,,,,
https://www.youtube.com/watch?v=cadcXEheR6U,1,O,P,,,,,,,,,
https://www.youtube.com/watch?v=S5mmEX82rHo,1,O,P,,,,,,,,,
https://www.youtube.com/watch?v=-fK4ZDuOczo,1,O,P,,,,,,,,,
https://www.youtube.com/watch?v=jyHQ-Q3DN4E,1,SG,N,,,,,,,,,
https://www.youtube.com/watch?v=_2i3JyYR9QI,1,O,P,,,,,,,,,
https://www.youtube.com/watch?v=LikKUHhk5sk,1,SG,N,,,,,,,,,
https://www.youtube.com/watch?v=8TmFgI-0qMg,1,SG,N,,,,,,,,,
https://www.youtube.com/watch?v=dHDCDx0MMXw,1,O,N,,,,,,,,,
https://www.youtube.com/watch?v=NOUVPrujscY,1,O,P,,,,,,,,,
https://www.youtube.com/watch?v=pRIejSDWt-A,1,O,P,,,,,,,,,
https://www.youtube.com/watch?v=2_IIywaFix0,1,O,P,,,,,,,,,
https://www.youtube.com/watch?v=9yGYOya3600,1,O,N,,,,,,,,,
https://www.youtube.com/watch?v=nf3kFArvHa4,1,RE,P,,,,,,,,,
https://www.youtube.com/watch?v=u3Fyu6mruDI,1,RE,P,,,,,,,,,
https://www.youtube.com/watch?v=xxxrUj-O42Y,1,RE,N,,,,,,,,,
https://www.youtube.com/watch?v=1_pJWzyyeJA,1,RE,P,,,,,,,,,
https://www.youtube.com/watch?v=vbluVmFnIKA,1,O,P,,,,,,,,,
https://www.youtube.com/watch?v=nqIvdW-SwdM,1,RE,P,,,,,,,,,
https://www.youtube.com/watch?v=Ro0MHn-YtHc,1,P,N,,,,,,,,,
https://www.youtube.com/watch?v=Kp8CPccnW2c,1,O,N,,,,,,,,,
https://www.youtube.com/watch?v=7_q-Xw1h_AM,1,RE,N,,,,,,,,,
https://www.youtube.com/watch?v=9J-zj-Z00t4,1,RE,P,,,,,,,,,
https://www.youtube.com/watch?v=zU4Q5GFKUgk,1,O,N,,,,,,,,,
https://www.youtube.com/watch?v=vlBcbweXcME,1,O,N,,,,,,,,,
https://www.youtube.com/watch?v=DwY0D1j5xF8,1,O,N,,,,,,,,,
https://www.youtube.com/watch?v=52_LXmD0z2Q,1,SG,N,,,,,,,,,
https://www.youtube.com/watch?v=RDuNAaZwIAc,1,O,N,,,,,,,,,
https://www.youtube.com/watch?v=OhDYwDmXgrE,1,RE,P,,,,,,,,,
https://www.youtube.com/watch?v=LFai4knHFvw,1,O,N,,,,,,,,,
https://www.youtube.com/watch?v=YEkEa7tF7oY,1,O,N,,,,,,,,,
https://www.youtube.com/watch?v=KF09wlW35uw,1,SG,N,,,,,,,,,
https://www.youtube.com/watch?v=nROyN51_hsA,1,SG,N,,,,,,,,,
https://www.youtube.com/watch?v=25I24FqJTvo,1,O,N,,,,,,,,,
https://www.youtube.com/watch?v=wtio2xzjQ0A,1,P,P,,,,,,,,,
https://www.youtube.com/watch?v=PefFU-6BRcQ,1,RE,P,,,,,,,,,
https://www.youtube.com/watch?v=OQJ41htzwQQ,1,O,N,,,,,,,,,
https://www.youtube.com/watch?v=Aiw-LIqM_Ow,1,RE,N,,,,,,,,,
https://www.youtube.com/watch?v=TYMVB_aDNKI,1,O,P,,,,,,,,,
https://www.youtube.com/watch?v=Nhf0vhjJHp8,1,P,P,,,,,,,,,
https://www.youtube.com/watch?v=vNWpaJTPyqY,1,SG,P,,,,,,,,,
https://www.youtube.com/watch?v=lUfr6OyfNJs,1,O,N,,,,,,,,,
https://www.youtube.com/watch?v=XiYCQksKyag,1,P,N,,,,,,,,,
https://www.youtube.com/watch?v=2jW6J94moOw,1,RE,P,,,,,,,,,
https://www.youtube.com/watch?v=yk7GA3AxCQ0,1,RE,P,,,,,,,,,
https://www.youtube.com/watch?v=gpjSNTYq0Ms,1,O,P,,,,,,,,,
https://www.youtube.com/watch?v=Gr7d6sfnk5g,1,SG,P,,,,,,,,,
https://www.youtube.com/watch?v=tZtr69wEhAQ,1,SG,P,,,,,,,,,
https://www.youtube.com/watch?v=iuDidjNAvMg,1,SG,N,,,,,,,,,
https://www.youtube.com/watch?v=9UKHxu9dIh4,1,SG,P,,,,,,,,,
https://www.youtube.com/watch?v=UFRp5__Pw08,1,RE,N,,,,,,,,,
https://www.youtube.com/watch?v=l0i9XFW9pGY,1,P,P,,,,,,,,,
https://www.youtube.com/watch?v=DEFxoOnoCpA,1,RE,N,,,,,,,,,
https://www.youtube.com/watch?v=lCPwyvecV3Q,1,RE,N,,,,,,,,,
https://www.youtube.com/watch?v=PmTHZh_KpqA,1,RE,N,,,,,,,,,
https://www.youtube.com/watch?v=cmuH5hEAZ-I,1,O,P,,,,,,,,,
https://www.youtube.com/watch?v=kaiOvpQQ8G4,1,RE,P,,,,,,,,,
https://www.youtube.com/watch?v=7KdREOYrzi0,1,RE,P,,,,,,,,,
https://www.youtube.com/watch?v=xCLQcBeTT80,1,P,P,,,,,,,,,
https://www.youtube.com/watch?v=fELvlZw9LDY,1,RE,P,,,,,,,,,
https://www.youtube.com/watch?v=Lj3GZ17RWtE,1,O,P,,,,,,,,,
https://www.youtube.com/watch?v=TlNw-TaEUt8,1,RE,P,,,,,,,,,
https://www.youtube.com/watch?v=qvZnuXBPBzg,1,RE,P,,,,,,,,,
https://www.youtube.com/watch?v=8QvB9qeDR78,1,P,N,,,,,,,,,
https://www.youtube.com/watch?v=SwPY_vl2GF0,1,P,N,,,,,,,,,
https://www.youtube.com/watch?v=tUz3Z-H_L9c,1,P,N,,,,,,,,,
https://www.youtube.com/watch?v=jPwtdKTgvH4,1,RE,N,,,,,,,,,
https://www.youtube.com/watch?v=aPEh2oC8x7g,1,RE,P,,,,,,,,,
https://www.youtube.com/watch?v=2xZFgXA_-jU,1,RE,P,,,,,,,,,
https://www.youtube.com/watch?v=HyIlyt6p0gU,1,RE,P,,,,,,,,,
https://www.youtube.com/watch?v=4ev0HMnAMHY,1,RE,P,,,,,,,,,
https://www.youtube.com/watch?v=68JyFLiSCTM,1,RE,N,,,,,,,,,
https://www.youtube.com/watch?v=UeMEpM0v9fQ,1,RE,N,,,,,,,,,
https://www.youtube.com/watch?v=FFM38M23YAc,1,SG,N,,,,,,,,,
https://www.youtube.com/watch?v=cRSlkyO0uiY,1,P,N,,,,,,,,,
https://www.youtube.com/watch?v=PXx0BmjyEDI,1,O,P,,,,,,,,,
https://www.youtube.com/watch?v=TV8cX-f6hTQ,1,SG,N,,,,,,,,,
https://www.youtube.com/watch?v=1gvNw8-Uu-8,1,RE,P,,,,,,,,,
https://www.youtube.com/watch?v=hfMQd8fYUfo,1,O,P,,,,,,,,,
https://www.youtube.com/watch?v=8UzMNTgka98,1,RE,N,,,,,,,,,
https://www.youtube.com/watch?v=pp4FvEOQcu8,1,O,N,,,,,,,,,
https://www.youtube.com/watch?v=7M-gCJ0LXS4,1,RE,N,,,,,,,,,
https://www.youtube.com/watch?v=tmpQ0LOEqXw,1,RE,P,,,,,,,,,
https://www.youtube.com/watch?v=3de9xtlcqS0,1,P,P,,,,,,,,,
https://www.youtube.com/watch?v=eBCOO-P15AE,1,RE,N,,,,,,,,,
https://www.youtube.com/watch?v=QeZJot_7tsQ,1,RE,N,,,,,,,,,
https://www.youtube.com/watch?v=Z_EeX75lsso,1,P,P,,,,,,,,,
https://www.youtube.com/watch?v=Frdgk9ctVsE,1,P,N,,,,,,,,,
https://www.youtube.com/watch?v=yBEYXr40sKc,1,RE,P,,,,,,,,,
https://www.youtube.com/watch?v=NpsVbGjsWHs,1,O,P,,,,,,,,,
https://www.youtube.com/watch?v=jnqDxfA4de4,1,O,P,,,,,,,,,
https://www.youtube.com/watch?v=deBdaYXIMb4,1,O,N,,,,,,,,,
https://www.youtube.com/watch?v=5zCvnY8YfKk,1,SG,N,,,,,,,,,
https://www.youtube.com/watch?v=To6cYCJHeuU,1,P,N,,,,,,,,,
https://www.youtube.com/watch?v=0T0w2VCIqO8,1,P,P,,,,,,,,,
https://www.youtube.com/watch?v=S_VVQpEJOEo,1,O,P,,,,,,,,,
https://www.youtube.com/watch?v=LRHw0hg2RF0,1,P,N,,,,,,,,,
https://www.youtube.com/watch?v=5q_hWRzIZ_o,1,P,N,,,,,,,,,
https://www.youtube.com/watch?v=mf0MSU7NNto,1,P,N,,,,,,,,,
https://www.youtube.com/watch?v=9bKJwRXihPg,1,P,N,,,,,,,,,
https://www.youtube.com/watch?v=K1j03KUE264,1,RE,P,,,,,,,,,
https://www.youtube.com/watch?v=fCFVbbEix-0,1,P,P,,,,,,,,,
https://www.youtube.com/watch?v=Jl-DjURETAs,1,P,P,,,,,,,,,
https://www.youtube.com/watch?v=TT18T6mhGyc,1,SG,P,,,,,,,,,
https://www.youtube.com/watch?v=UpGCLVj9cRY,1,RE,P,,,,,,,,,
https://www.youtube.com/watch?v=FqWHcerA5yg,1,P,N,,,,,,,,,
https://www.youtube.com/watch?v=6HrEpFBrmyY,1,RE,N,,,,,,,,,
https://www.youtube.com/watch?v=J2mndWKYYVk,1,O,P,,,,,,,,,
https://www.youtube.com/watch?v=ITgdZqO0es8,1,RE,N,,,,,,,,,
https://www.youtube.com/watch?v=dN0C8llvIo0,1,P,N,,,,,,,,,
https://www.youtube.com/watch?v=awe1VOnL3wY,1,RE,N,,,,,,,,,
https://www.youtube.com/watch?v=L4uI9JLv1nM,1,P,P,,,,,,,,,
https://www.youtube.com/watch?v=At-TP5W6_7s,1,RE,P,,,,,,,,,
https://www.youtube.com/watch?v=gDDWnQm1_Po,1,P,N,,,,,,,,,
https://www.youtube.com/watch?v=e_uDibcKzrA,1,P,N,,,,,,,,,
https://www.youtube.com/watch?v=wwRNas1NR3g,1,SG,P,,,,,,,,,
https://www.youtube.com/watch?v=lVkQEtXpp8o,1,RE,N,,,,,,,,,
https://www.youtube.com/watch?v=LBGjVgu3dbA,1,P,P,,,,,,,,,
https://www.youtube.com/watch?v=RcgwRlYe7-4,1,P,P,,,,,,,,,
https://www.youtube.com/watch?v=gnnlTIQyLLM,1,SG,P,,,,,,,,,
https://www.youtube.com/watch?v=I9agyz0q9Yo,1,P,N,,,,,,,,,
https://www.youtube.com/watch?v=tRZ59QD_o6A,1,O,P,,,,,,,,,
https://www.youtube.com/watch?v=QdRfyxIy_kg,1,SG,P,,,,,,,,,
https://www.youtube.com/watch?v=tZ9DCyr6U5o,1,P,P,,,,,,,,,
https://www.youtube.com/watch?v=4zLxkUzNDKo,1,SG,N,,,,,,,,,
https://www.youtube.com/watch?v=U-qDp3b76fs,1,RE,N,,,,,,,,,
https://www.youtube.com/watch?v=uUNrVoGzOdc,1,O,N,,,,,,,,,
https://www.youtube.com/watch?v=Ftz6R1GByFQ,1,RE,P,,,,,,,,,
https://www.youtube.com/watch?v=GLgs1lBS3s4,1,RE,P,,,,,,,,,
https://www.youtube.com/watch?v=1RrEuIEe7sU,1,O,P,,,,,,,,,
https://www.youtube.com/watch?v=nX2YLAAWL6w,1,O,P,,,,,,,,,
https://www.youtube.com/watch?v=OySZVjSZC-8,1,SG,N,,,,,,,,,
https://www.youtube.com/watch?v=9LlTYwGezXc,1,RE,N,,,,,,,,,
https://www.youtube.com/watch?v=RnsaXW-J5Jg,1,O,N,,,,,,,,,
https://www.youtube.com/watch?v=LrjDUovpLzU,1,O,P,,,,,,,,,
https://www.youtube.com/watch?v=07AERqYYhAM,1,SG,N,,,,,,,,,
https://www.youtube.com/watch?v=A8Uhf5S3vQQ,1,SG,P,,,,,,,,,
https://www.youtube.com/watch?v=2xTPPCrs1Ck,1,RE,P,,,,,,,,,
https://www.youtube.com/watch?v=rBT_fAxDEjE,1,RE,P,,,,,,,,,
https://www.youtube.com/watch?v=IVXCnAhBmL4,1,RE,N,,,,,,,,,
https://www.youtube.com/watch?v=tJ3AbUmc0lQ,1,RE,N,,,,,,,,,
https://www.youtube.com/watch?v=kxgJcOhD4cM,1,RE,P,,,,,,,,,
https://www.youtube.com/watch?v=5L7d2njVYv8,1,RE,P,,,,,,,,,
https://www.youtube.com/watch?v=582YF1pBoxw,1,RE,P,,,,,,,,,
https://www.youtube.com/watch?v=hfoxG4MNJT4,1,O,N,,,,,,,,,
https://www.youtube.com/watch?v=zUnesAQMn_M,1,P,P,,,,,,,,,
https://www.youtube.com/watch?v=HBX2BddmNuk,1,RE,P,,,,,,,,,
https://www.youtube.com/watch?v=N7wP55ZqCC4,1,RE,P,,,,,,,,,
https://www.youtube.com/watch?v=Fv3kT7MCEmI,1,P,P,,,,,,,,,
https://www.youtube.com/watch?v=1mdQqXuqRSw,1,RE,P,,,,,,,,,
https://www.youtube.com/watch?v=q2jfpjq0Hf4,1,RE,N,,,,,,,,,
https://www.youtube.com/watch?v=EsmWYk5fACo,1,RE,P,,,,,,,,,
https://www.youtube.com/watch?v=8ffolfXzhoc,1,P,P,,,,,,,,,
https://www.youtube.com/watch?v=F8XFsoOeDsU,1,SG,N,,,,,,,,,
https://www.youtube.com/watch?v=fQsDeFPQ60Y,1,O,N,,,,,,,,,
https://www.youtube.com/watch?v=lok5qSM8eNY,1,RE,N,,,,,,,,,
https://www.youtube.com/watch?v=TzkjvIlOdIA,1,RE,N,,,,,,,,,
https://www.youtube.com/watch?v=Q-jIIXOWFNk,1,O,P,,,,,,,,,
https://www.youtube.com/watch?v=CDL2XPUAABw,1,RE,P,,,,,,,,,
https://www.youtube.com/watch?v=y3f1WIKAlwg,1,P,P,,,,,,,,,
https://www.youtube.com/watch?v=nxga9Kfzxb8,1,RE,P,,,,,,,,,
https://www.youtube.com/watch?v=sgX6-kZr8iU,1,O,P,,,,,,,,,
https://www.youtube.com/watch?v=wmdf9dl3G6M,1,P,P,,,,,,,,,
https://www.youtube.com/watch?v=dwvayklTcok,1,O,N,,,,,,,,,
https://www.youtube.com/watch?v=s5iutyBgCow,1,RE,P,,,,,,,,,
https://www.youtube.com/watch?v=soKSl_y9We8,1,P,P,,,,,,,,,
https://www.youtube.com/watch?v=mjx4pFEKzpw,1,O,P,,,,,,,,,
https://www.youtube.com/watch?v=P6aniJHByXU,1,P,N,,,,,,,,,
https://www.youtube.com/watch?v=Ckus0mRMoIE,1,O,P,,,,,,,,,
https://www.youtube.com/watch?v=OQ1KrFTkAHA,1,P,P,,,,,,,,,
https://www.youtube.com/watch?v=BiYaMfpMN2w,1,O,P,,,,,,,,,
https://www.youtube.com/watch?v=JfmTeE4X9wM,1,P,P,,,,,,,,,
https://www.youtube.com/watch?v=bxS27rWmnas,1,O,P,,,,,,,,,
https://www.youtube.com/watch?v=2yn47GNVwk4,1,SG,N,,,,,,,,,
https://www.youtube.com/watch?v=WXzhkEalbPc,1,P,P,,,,,,,,,
https://www.youtube.com/watch?v=OAd42LIcAWs,1,O,N,,,,,,,,,
https://www.youtube.com/watch?v=nKPW-12hft8,1,SG,P,,,,,,,,,
https://www.youtube.com/watch?v=1RMTKZVRB7w,1,RE,P,,,,,,,,,
https://www.youtube.com/watch?v=UXOyUH3Arcs,1,O,P,,,,,,,,,
https://www.youtube.com/watch?v=TLLGccaRImM,1,O,P,,,,,,,,,
https://www.youtube.com/watch?v=PUz-JfqqDMA,1,P,P,,,,,,,,,
https://www.youtube.com/watch?v=UItYXvsNfn8,1,O,N,,,,,,,,,
https://www.youtube.com/watch?v=fRbso7dryao,1,P,P,,,,,,,,,
https://www.youtube.com/watch?v=qei3V8Y14zU,1,RE,P,,,,,,,,,
https://www.youtube.com/watch?v=M0jdh8AVpvE,1,P,P,,,,,,,,,
https://www.youtube.com/watch?v=jl6ZOXdpxWo,1,P,P,,,,,,,,,
https://www.youtube.com/watch?v=iNB2_sPOODI,1,RE,N,,,,,,,,,
https://www.youtube.com/watch?v=0dm2iO2K3jk,1,P,P,,,,,,,,,
https://www.youtube.com/watch?v=TNfO-T4OhWU,1,O,P,,,,,,,,,
https://www.youtube.com/watch?v=5HlWYz0pFpQ,1,O,P,,,,,,,,,
https://www.youtube.com/watch?v=Ue9gTJEHQt4,1,SG,P,,,,,,,,,
https://www.youtube.com/watch?v=-ywdMLvaJlM,1,O,N,,,,,,,,,
https://www.youtube.com/watch?v=FJ7iM5j97pc,1,O,N,,,,,,,,,
https://www.youtube.com/watch?v=6CxnFqUnWI0,1,P,N,,,,,,,,,
https://www.youtube.com/watch?v=k0NsyU7IbBU,1,O,N,,,,,,,,,
https://www.youtube.com/watch?v=yjJwwXgfbbs,1,RE,P,,,,,,,,,
https://www.youtube.com/watch?v=ZLMnclzBEzo,1,RE,P,,,,,,,,,
https://www.youtube.com/watch?v=sjK-nZEhtOk,1,O,N,,,,,,,,,
https://www.youtube.com/watch?v=Dvvn1uPo3kA,1,RE,P,,,,,,,,,
https://www.youtube.com/watch?v=VfYGYml6E6s,1,O,N,,,,,,,,,
https://www.youtube.com/watch?v=WmEWly32fLE,1,RE,P,,,,,,,,,
https://www.youtube.com/watch?v=yM-4TNepSxo,1,P,N,,,,,,,,,
https://www.youtube.com/watch?v=44m9Y52Aaxw,1,O,P,,,,,,,,,
https://www.youtube.com/watch?v=A_pE1DeiEC0,1,P,P,,,,,,,,,
https://www.youtube.com/watch?v=PGXT76c6E4c,1,O,P,,,,,,,,,
https://www.youtube.com/watch?v=Ik1MQwV5Wx8,1,SG,N,,,,,,,,,
https://www.youtube.com/watch?v=lOVH3a7By-E,1,O,P,,,,,,,,,
https://www.youtube.com/watch?v=qTh48UEOSi0,1,SG,N,,,,,,,,,
https://www.youtube.com/watch?v=9YR7jMu1rlg,1,O,P,,,,,,,,,
https://www.youtube.com/watch?v=zzURs3ds7vA,1,P,P,,,,,,,,,
https://www.youtube.com/watch?v=YiViU7OeEkA,1,RE,P,,,,,,,,,
https://www.youtube.com/watch?v=1LvVrxUBs-E,1,RE,P,,,,,,,,,
https://www.youtube.com/watch?v=-byCfUgalJQ,1,RE,N,,,,,,,,,
https://www.youtube.com/watch?v=iTnxd1NGw4s,1,RE,N,,,,,,,,,
https://www.youtube.com/watch?v=a-Khh78rkVg,1,RE,P,,,,,,,,,
https://www.youtube.com/watch?v=K-7UZtJeHuc,1,RE,N,,,,,,,,,
https://www.youtube.com/watch?v=Rr7q5BurJbs,1,P,P,,,,,,,,,
https://www.youtube.com/watch?v=vxzTz4rwJEI,1,RE,P,,,,,,,,,
https://www.youtube.com/watch?v=nPe_k_MCp5U,1,RE,P,,,,,,,,,
https://www.youtube.com/watch?v=IhM8Om2uCbs,1,RE,P,,,,,,,,,
https://www.youtube.com/watch?v=qxwe02LV-zE,1,RE,P,,,,,,,,,
https://www.youtube.com/watch?v=TRXs1nS4MeU,1,P,N,,,,,,,,,
https://www.youtube.com/watch?v=Gi77mTJOxtY,1,RE,P,,,,,,,,,
https://www.youtube.com/watch?v=lM-zYvyLJSQ,1,RE,N,,,,,,,,,
https://www.youtube.com/watch?v=48k0YrHpAeY,1,P,P,,,,,,,,,
https://www.youtube.com/watch?v=5MSR3odF1AA,1,P,N,,,,,,,,,
https://www.youtube.com/watch?v=KQ1w4jzyAYk,1,RE,P,,,,,,,,,
https://www.youtube.com/watch?v=3KENqWtn3QQ,1,P,N,,,,,,,,,
https://www.youtube.com/watch?v=Ngi7ahLr0qM,1,RE,P,,,,,,,,,
https://www.youtube.com/watch?v=uSeusWQs9uA,1,P,N,,,,,,,,,
https://www.youtube.com/watch?v=xPdp72VMhSM,1,RE,P,,,,,,,,,
https://www.youtube.com/watch?v=SLstMnR8JLM,1,RE,P,,,,,,,,,
https://www.youtube.com/watch?v=vW3xUP2P6Z4,1,RE,P,,,,,,,,,
https://www.youtube.com/watch?v=KxAZN0eKNys,1,RE,P,,,,,,,,,
https://www.youtube.com/watch?v=74ouErfTFwo,1,RE,P,,,,,,,,,
https://www.youtube.com/watch?v=BnBckHteqUY,1,O,P,,,,,,,,,
https://www.youtube.com/watch?v=0_qWDS1vgTo,1,O,P,,,,,,,,,
https://www.youtube.com/watch?v=34XxMGhtgd4,1,O,P,,,,,,,,,
https://www.youtube.com/watch?v=Sl5IrI1LhNQ,1,O,P,,,,,,,,,
https://www.youtube.com/watch?v=4fSVJSwHG0E,1,O,P,,,,,,,,,
https://www.youtube.com/watch?v=cOO1PXKx9uo,1,O,P,,,,,,,,,
https://www.youtube.com/watch?v=OVC16P_6iI4,1,RE,P,,,,,,,,,
https://www.youtube.com/watch?v=8MWQJmt8-Oc,1,O,P,,,,,,,,,
https://www.youtube.com/watch?v=9t9t9bfs0hg,1,O,P,,,,,,,,,
https://www.youtube.com/watch?v=u_G2lJIPHOc,1,O,P,,,,,,,,,
https://www.youtube.com/watch?v=DBgAweNErQ0,1,O,P,,,,,,,,,
https://www.youtube.com/watch?v=ptWTyerPFTo,1,O,P,,,,,,,,,
https://www.youtube.com/watch?v=pK-y8LDrUT0,1,O,P,,,,,,,,,
https://www.youtube.com/watch?v=5gZmGVpXS50,1,O,P,,,,,,,,,
https://www.youtube.com/watch?v=tjaZE7Tq7HE,1,O,P,,,,,,,,,
https://www.youtube.com/watch?v=dsY_SDGReWA,1,O,N,,,,,,,,,
https://www.youtube.com/watch?v=KOm8XnNLKtY,1,O,P,,,,,,,,,
https://www.youtube.com/watch?v=19BdLm_UGQw,1,O,N,,,,,,,,,
https://www.youtube.com/watch?v=PIdNx28DUP8,1,O,P,,,,,,,,,
https://www.youtube.com/watch?v=WfCh2Oqm3PM,1,O,N,,,,,,,,,
https://www.youtube.com/watch?v=gOKE46gGxkE,1,O,P,,,,,,,,,
https://www.youtube.com/watch?v=bR5cM5MufqY,1,O,N,,,,,,,,,
https://www.youtube.com/watch?v=CrZGvGRv-os,1,P,N,,,,,,,,,
https://www.youtube.com/watch?v=zTECSWVE2QE,1,O,P,,,,,,,,,
https://www.youtube.com/watch?v=hE0ZjvGK818,1,O,P,,,,,,,,,
https://www.youtube.com/watch?v=92xV0yMr06Q,1,RE,P,,,,,,,,,
https://www.youtube.com/watch?v=JgNzse0lO_g,1,O,P,,,,,,,,,
https://www.youtube.com/watch?v=HX0bikf1NvU,1,O,P,,,,,,,,,
https://www.youtube.com/watch?v=2PPru9J3B8Q,1,O,P,,,,,,,,,
https://www.youtube.com/watch?v=tr0DHh4reyE,1,P,P,,,,,,,,,
https://www.youtube.com/watch?v=Z_aycJtQPWM,1,SG,N,,,,,,,,,
https://www.youtube.com/watch?v=7s7w2hh1PBc,1,O,P,,,,,,,,,
https://www.youtube.com/watch?v=lHrmvXiKOoA,1,SG,N,,,,,,,,,
https://www.youtube.com/watch?v=aWVvq4aq2Gs,1,P,N,,,,,,,,,
https://www.youtube.com/watch?v=wG87vIaAJfE,1,RE,P,,,,,,,,,
https://www.youtube.com/watch?v=6nsb06AmfXo,1,RE,N,,,,,,,,,
https://www.youtube.com/watch?v=5oacn5w3hR0,1,RE,P,,,,,,,,,
https://www.youtube.com/watch?v=5ckW-NNU08I,1,SG,P,,,,,,,,,
https://www.youtube.com/watch?v=UO7caSpmZjc,1,RE,P,,,,,,,,,
https://www.youtube.com/watch?v=m7ftD4XSBVU,1,RE,P,,,,,,,,,
https://www.youtube.com/watch?v=mITZeA3zivg,1,O,P,,,,,,,,,
https://www.youtube.com/watch?v=UiQO81t98ic,1,O,P,,,,,,,,,
https://www.youtube.com/watch?v=gB_3QN1Uca8,1,P,P,,,,,,,,,
https://www.youtube.com/watch?v=MXCSLpv6E2U,1,RE,P,,,,,,,,,
https://www.youtube.com/watch?v=9oZjaWSCqWw,1,P,P,,,,,,,,,
https://www.youtube.com/watch?v=lZpSTpD1xU0,1,RE,P,,,,,,,,,
https://www.youtube.com/watch?v=63V4Erq-OKc,1,O,P,,,,,,,,,
https://www.youtube.com/watch?v=xPITrhTWOxo,1,O,P,,,,,,,,,
https://www.youtube.com/watch?v=RBuMLfK0Sq0,1,RE,P,,,,,,,,,
https://www.youtube.com/watch?v=W7lwt3Wm_1s,1,SG,N,,,,,,,,,
https://www.youtube.com/watch?v=44Nd_bTEUwU,1,RE,P,,,,,,,,,
https://www.youtube.com/watch?v=a-xnoy1KKMY,1,P,P,,,,,,,,,
https://www.youtube.com/watch?v=eY94sZQ4rAM,1,P,P,,,,,,,,,
https://www.youtube.com/watch?v=O_ZwHyWqC38,1,P,P,,,,,,,,,
https://www.youtube.com/watch?v=ekA_x_kmqi0,1,P,P,,,,,,,,,
https://www.youtube.com/watch?v=pe8u8I_eUL4,1,P,P,,,,,,,,,
https://www.youtube.com/watch?v=KPjgPDml_6g,1,P,P,,,,,,,,,
https://www.youtube.com/watch?v=C23RRmnUyg0,1,P,P,,,,,,,,,
https://www.youtube.com/watch?v=Exu-Oejys90,1,P,P,,,,,,,,,
https://www.youtube.com/watch?v=GMsDEUuc7n0,1,O,P,,,,,,,,,
https://www.youtube.com/watch?v=yTeUZFyGOYM,1,RE,P,,,,,,,,,
https://www.youtube.com/watch?v=NSMqnupAFnY,1,RE,P,,,,,,,,,
https://www.youtube.com/watch?v=bCIkQTBWA24,1,O,N,,,,,,,,,
https://www.youtube.com/watch?v=uhieBkwoSRE,1,P,P,,,,,,,,,
https://www.youtube.com/watch?v=UCKQmslF3Bk,1,O,N,,,,,,,,,
https://www.youtube.com/watch?v=FzYeJodCebs,1,SG,N,,,,,,,,,
https://www.youtube.com/watch?v=t3gLwYB-pNY,1,SG,N,,,,,,,,,
https://www.youtube.com/watch?v=2SQ8msCicXs,1,SG,N,,,,,,,,,
https://www.youtube.com/watch?v=ZgTSYbWT8dw,1,SG,P,,,,,,,,,
https://www.youtube.com/watch?v=8M2ndHYSKqc,1,O,N,,,,,,,,,
https://www.youtube.com/watch?v=X3HJOt7fHag,1,RE,P,,,,,,,,,
https://www.youtube.com/watch?v=arpAx8V262k,1,SG,P,,,,,,,,,
https://www.youtube.com/watch?v=hdC6xNTkff4,1,RE,P,,,,,,,,,
https://www.youtube.com/watch?v=HLg1mZDGOQg,1,SG,N,,,,,,,,,
https://www.youtube.com/watch?v=f8gadzf2ASE,1,SG,N,,,,,,,,,
https://www.youtube.com/watch?v=e3XAG_o9WSg,1,SG,N,,,,,,,,,
https://www.youtube.com/watch?v=p7f1QeQBdto,1,O,N,,,,,,,,,
https://www.youtube.com/watch?v=hla1rGZAlNQ,1,SG,N,,,,,,,,,
https://www.youtube.com/watch?v=iSu5kC0ZvQ4,1,P,N,,,,,,,,,
https://www.youtube.com/watch?v=kqyWxQpfMKw,1,P,N,,,,,,,,,
https://www.youtube.com/watch?v=7X9w2mIhg1M,1,O,N,,,,,,,,,
https://www.youtube.com/watch?v=hjWVFsKlcI8,1,O,N,,,,,,,,,
https://www.youtube.com/watch?v=wtG6OaPvEN0,1,RE,P,,,,,,,,,
https://www.youtube.com/watch?v=Cn4DA3S-1Tc,1,P,P,,,,,,,,,
https://www.youtube.com/watch?v=nYcYhORnpH4,1,O,N,,,,,,,,,
https://www.youtube.com/watch?v=Wvty15UE_Ak,1,P,N,,,,,,,,,
https://www.youtube.com/watch?v=FuiKmJw5pho,1,O,N,,,,,,,,,
https://www.youtube.com/watch?v=qPlS92mbOo0,1,P,N,,,,,,,,,
https://www.youtube.com/watch?v=UfVvRPH01hs,1,SG,N,,,,,,,,,
https://www.youtube.com/watch?v=2T4GiI6U-Sg,1,SG,N,,,,,,,,,
https://www.youtube.com/watch?v=iWcSBXgW2I0,1,SG,N,,,,,,,,,
https://www.youtube.com/watch?v=X1r0uJh5J7o,1,RE,N,,,,,,,,,
https://www.youtube.com/watch?v=FUr-02DfVdA,1,SG,N,,,,,,,,,
https://www.youtube.com/watch?v=OMFuiqm7Bwg,1,SG,N,,,,,,,,,
https://www.youtube.com/watch?v=HGQ2g8bH_nI,1,SG,N,,,,,,,,,
https://www.youtube.com/watch?v=IEnVcVlJyNM,1,SG,N,,,,,,,,,
https://www.youtube.com/watch?v=slSvA8vgRQg,1,SG,N,,,,,,,,,
https://www.youtube.com/watch?v=xrIUgjL6GKA,1,O,N,,,,,,,,,
https://www.youtube.com/watch?v=8PEHlGsAFQs,1,SG,N,,,,,,,,,
https://www.youtube.com/watch?v=NnoCfDNpjLg,1,O,N,,,,,,,,,
https://www.youtube.com/watch?v=fnRRxRBHB_E,1,P,N,,,,,,,,,
https://www.youtube.com/watch?v=3Q-_ax2ZlwE,1,SG,N,,,,,,,,,
https://www.youtube.com/watch?v=hwI_ty2zC6M,1,SG,N,,,,,,,,,
https://www.youtube.com/watch?v=Lt5MQNYDlgk,1,SG,N,,,,,,,,,
https://www.youtube.com/watch?v=9MX1xLOTzzA,1,SG,N,,,,,,,,,
https://www.youtube.com/watch?v=V_09jskrqiM,1,O,N,,,,,,,,,
https://www.youtube.com/watch?v=wNZU1xGIAh8,1,O,P,,,,,,,,,
https://www.youtube.com/watch?v=jdYl800B4UI,1,O,N,,,,,,,,,
https://www.youtube.com/watch?v=OyrKOMtc5nI,1,O,N,,,,,,,,,
https://www.youtube.com/watch?v=iOojAeMsMZ4,1,O,N,,,,,,,,,
https://www.youtube.com/watch?v=TqZsyWOSLCw,1,O,P,,,,,,,,,
https://www.youtube.com/watch?v=AsBBZu6axMQ,1,RE,P,,,,,,,,,
https://www.youtube.com/watch?v=a8p3xBACgsk,1,SG,N,,,,,,,,,
https://www.youtube.com/watch?v=wfHiXnWxZ4E,1,O,N,,,,,,,,,
https://www.youtube.com/watch?v=7cghcYHMVRI,1,O,N,,,,,,,,,
https://www.youtube.com/watch?v=ql-xU9C2XzM,1,O,P,,,,,,,,,
https://www.youtube.com/watch?v=6HkyNijIKQ0,1,O,N,,,,,,,,,
https://www.youtube.com/watch?v=kIv7zBgTTco,1,SG,N,,,,,,,,,
https://www.youtube.com/watch?v=GwJI9VcS2wE,1,SG,N,,,,,,,,,
https://www.youtube.com/watch?v=aUkAAbuh_xw,1,P,P,,,,,,,,,
https://www.youtube.com/watch?v=9YQjJWh6VQA,1,O,P,,,,,,,,,
https://www.youtube.com/watch?v=gPXy5yka48I,1,O,P,,,,,,,,,
https://www.youtube.com/watch?v=C-wRzFZ-05I,1,O,P,,,,,,,,,
https://www.youtube.com/watch?v=obTydpSWioU,1,O,P,,,,,,,,,
https://www.youtube.com/watch?v=1zW6euUIMcw,1,O,P,,,,,,,,,
https://www.youtube.com/watch?v=XzDl46LjdBE,1,O,N,,,,,,,,,
https://www.youtube.com/watch?v=nR73tWRZyBs,1,O,P,,,,,,,,,
https://www.youtube.com/watch?v=zcnWAi92oJM,1,P,P,,,,,,,,,
https://www.youtube.com/watch?v=ZuF-41VfZ7w,1,O,P,,,,,,,,,
https://www.youtube.com/watch?v=_P9PArtTxv8,1,SG,P,,,,,,,,,
https://www.youtube.com/watch?v=L1suo_JhEcs,1,SG,N,,,,,,,,,
https://www.youtube.com/watch?v=TbFvKSm0Pk4,1,O,N,,,,,,,,,
https://www.youtube.com/watch?v=_GbhHApgubU,1,O,N,,,,,,,,,
https://www.youtube.com/watch?v=ZQIGdMpVE1c,1,RE,P,,,,,,,,,
https://www.youtube.com/watch?v=Iud8R8jjzWk,1,SG,N,,,,,,,,,
https://www.youtube.com/watch?v=TMsd4EZcur8,1,RE,P,,,,,,,,,
https://www.youtube.com/watch?v=oHQQsq8mLHc,1,P,N,,,,,,,,,
https://www.youtube.com/watch?v=hW9_Vk4hK0Y,1,RE,P,,,,,,,,,
https://www.youtube.com/watch?v=N7zLaA2Ch48,1,O,N,,,,,,,,,
https://www.youtube.com/watch?v=zGanW5MUqv8,1,O,P,,,,,,,,,
https://www.youtube.com/watch?v=ucr5g04p6yM,1,O,N,,,,,,,,,
https://www.youtube.com/watch?v=Jj0DzE9vQnY,1,SG,N,,,,,,,,,
https://www.youtube.com/watch?v=xowfFDUKMHk,1,SG,N,,,,,,,,,
https://www.youtube.com/watch?v=xzsrVbpOhDU,1,P,N,,,,,,,,,
https://www.youtube.com/watch?v=IItQnvEGIb8,1,O,N,,,,,,,,,
https://www.youtube.com/watch?v=b5fTV277qIE,1,P,N,,,,,,,,,
https://www.youtube.com/watch?v=LIvQtGjl78Q,1,P,N,,,,,,,,,
https://www.youtube.com/watch?v=WLpUG1wOG1U,1,SG,N,,,,,,,,,
https://www.youtube.com/watch?v=u9z9DXcJQx8,1,O,N,,,,,,,,,
https://www.youtube.com/watch?v=eUeuu238kHI,1,O,N,,,,,,,,,
https://www.youtube.com/watch?v=2p-YLypNtmw,1,O,N,,,,,,,,,
https://www.youtube.com/watch?v=JpQY4iNwhJo,1,P,P,,,,,,,,,
https://www.youtube.com/watch?v=zkKrFL9AOK8,1,RE,N,,,,,,,,,
https://www.youtube.com/watch?v=Qt0iHlGlBA8,1,P,N,,,,,,,,,
https://www.youtube.com/watch?v=6faNKNYVfDY,1,SG,N,,,,,,,,,
https://www.youtube.com/watch?v=FWiaHzWvjTM,1,P,P, RE,,,,,https://www.youtube.com/watch?v=bdm_JxDgFhg,0.0,O,N
https://www.youtube.com/watch?v=IUIsJd-wuEg,1,SG,N,,,,,,,,,
https://www.youtube.com/watch?v=JCTeSqrUPy0,1,O,P,,,,,,,,,
https://www.youtube.com/watch?v=Yvym4RvoZ68,1,O,P,,,,,,,,,
https://www.youtube.com/watch?v=vV6o11bQ-y4,1,O,N,,,,,,,,,
https://www.youtube.com/watch?v=bqBDWWS80Y8,1,O,N,,,,,,,,,
https://www.youtube.com/watch?v=hD2I_-Fnq14,1,SG,N,,,,,,,,,
https://www.youtube.com/watch?v=E8GfYHyL-wA,1,SG,P,,,,,,,,,
https://www.youtube.com/watch?v=vApm7f1_sKc,1,P,P,,,,,,,,,
https://www.youtube.com/watch?v=7WCK60COZBc,1,P,N,,,,,,,,,
https://www.youtube.com/watch?v=FdPf2dW2xXU,1,P,N,,,,,,,,,
https://www.youtube.com/watch?v=yFxqFDBh9IE,1,P,N,,,,,,,,,
https://www.youtube.com/watch?v=eonGIOdbRCw,1,P,N,,,,,,,,,
https://www.youtube.com/watch?v=NazVZ0-XEDg,1,P,N,,,,,,,,,
https://www.youtube.com/watch?v=4g3zU4Cv6GE,1,O,P,,,,,,,,,
https://www.youtube.com/watch?v=TjeGMFKvvSI,1,P,N,,,,,,,,,
https://www.youtube.com/watch?v=Xt7SD1aH9PI,1,P,N,,,,,,,,,
https://www.youtube.com/watch?v=rbSCbRPXIFc,1,P,N,,,,,,,,,
https://www.youtube.com/watch?v=-yWuC7cPnNM,1,P,P,,,,,,,,,
https://www.youtube.com/watch?v=1JIIjCvokP0,1,P,N,,,,,,,,,
https://www.youtube.com/watch?v=RZwPtBqV6ms,1,P,P,,,,,,,,,
https://www.youtube.com/watch?v=BN02-EHu2lU,1,P,N,,,,,,,,,
https://www.youtube.com/watch?v=NpUygn_-4uQ,1,RE,P,,,,,,,,,
https://www.youtube.com/watch?v=lcAXZ2bAj38,1,P,N,,,,,,,,,
https://www.youtube.com/watch?v=gcIgK6Uv0pM,1,P,N,,,,,,,,,
https://www.youtube.com/watch?v=ijzYmta1Da8,1,P,N,,,,,,,,,
https://www.youtube.com/watch?v=U3woYIxe5fA,1,P,N,,,,,,,,,
https://www.youtube.com/watch?v=wYdIByTM-hs,1,P,N,,,,,,,,,
https://www.youtube.com/watch?v=Bilabmrvgpw,1,P,N,,,,,,,,,
https://www.youtube.com/watch?v=jcCdTEnWa3U,1,P,N,,,,,,,,,
https://www.youtube.com/watch?v=tuLve9YS4T0,1,RE,N,,,,,,,,,
https://www.youtube.com/watch?v=JPIcEX8Kqgw,1,P,N,,,,,,,,,
https://www.youtube.com/watch?v=paQNDZ86i_I,1,P,N,,,,,,,,,
https://www.youtube.com/watch?v=mJFgkREmVlQ,1,P,P,,,,,,,,,
https://www.youtube.com/watch?v=mFA90UXz5ZA,1,P,P,,,,,,,,,
https://www.youtube.com/watch?v=KhJRB8zkri4,1,P,N,,,,,,,,,
https://www.youtube.com/watch?v=bpbXpL7dTng,1,P,P,,,,,,,,,
https://www.youtube.com/watch?v=AONY1KiKqTc,1,P,N,,,,,,,,,
https://www.youtube.com/watch?v=wh2swWKDUtA,1,P,P,,,,,,,,,
https://www.youtube.com/watch?v=b5mY2Opo5dU,1,P,N,,,,,,,,,
https://www.youtube.com/watch?v=JNwdg3T3-YA,1,P,N,,,,,,,,,
https://www.youtube.com/watch?v=__bAQtj7-v8,1,P,P,,,,,,,,,
https://www.youtube.com/watch?v=kA3GrPCTuNs,1,O,N,,,,,,,,,
https://www.youtube.com/watch?v=WejronI-Bv0,1,P,P,,,,,,,,,
https://www.youtube.com/watch?v=5n7rHUtgvMg,1,P,P,,,,,,,,,
https://www.youtube.com/watch?v=ZlQyQclPBrY,1,P,N,,,,,,,,,
https://www.youtube.com/watch?v=RlmvdkgNoAQ,1,P,P,,,,,,,,,
https://www.youtube.com/watch?v=JhoWMuDeEuw,1,O,P,,,,,,,,,
https://www.youtube.com/watch?v=GGD4Ha0ahrU,1,P,N,,,,,,,,,
https://www.youtube.com/watch?v=i4r2KVdZZB0,1,P,P,,,,,,,,,
https://www.youtube.com/watch?v=hzb1QlPTziY,1,P,N,,,,,,,,,
https://www.youtube.com/watch?v=1zEcbB-KnMw,1,P,P,,,,,,,,,
https://www.youtube.com/watch?v=ocGjgdG-z6s,1,P,N,,,,,,,,,
https://www.youtube.com/watch?v=djxxs2g9iFA,1,P,P,,,,,,,,,
https://www.youtube.com/watch?v=yyuko0kmuUw,1,O,P,,,,,,,,,
https://www.youtube.com/watch?v=th1tC0Jn5wA,1,P,P,,,,,,,,,
https://www.youtube.com/watch?v=IAYKztv9X-I,1,O,P,,,,,,,,,
https://www.youtube.com/watch?v=kJWg3QuXGo0,1,O,P,,,,,,,,,
https://www.youtube.com/watch?v=Gj0_Vigbais,1,P,N,,,,,,,,,
https://www.youtube.com/watch?v=v2CpeWYqXhs,1,P,P,,,,,,,,,
https://www.youtube.com/watch?v=ipzU4id9GV4,1,P,N,,,,,,,,,
https://www.youtube.com/watch?v=fO6dyzXmUQA,1,P,N,,,,,,,,,
https://www.youtube.com/watch?v=bdaYZvYhRCA,1,P,N,,,,,,,,,
https://www.youtube.com/watch?v=kZUMs9BT_Ao,1,P,N,,,,,,,,,
https://www.youtube.com/watch?v=J8u4n9vsI8k,1,P,N,,,,,,,,,
https://www.youtube.com/watch?v=HLjVBs5QLnA,1,P,N,,,,,,,,,
https://www.youtube.com/watch?v=kMicjU5r7nM,1,P,N,,,,,,,,,
https://www.youtube.com/watch?v=aylVdtEkwxw,1,P,N,,,,,,,,,
https://www.youtube.com/watch?v=ySCy-c8Jr_A,1,P,N,,,,,,,,,
https://www.youtube.com/watch?v=k3NjbfXsNLE,1,O,N,,,,,,,,,
https://www.youtube.com/watch?v=m8YpQOqJB7w,1,P,P,,,,,,,,,
https://www.youtube.com/watch?v=NhMnlunDJNU,1,P,P,,,,,,,,,
https://www.youtube.com/watch?v=-HM7uI-1H-Q,1,P,N,,,,,,,,,
https://www.youtube.com/watch?v=7h3PyWcLpmk,1,P,P,,,,,,,,,
https://www.youtube.com/watch?v=yD_1-v5m-FM,1,O,N,,,,,,,,,
https://www.youtube.com/watch?v=UdxLA6GPDUc,1,P,P,,,,,,,,,
https://www.youtube.com/watch?v=9rn7BGJQCbI,1,P,P,,,,,,,,,
https://www.youtube.com/watch?v=a372kZsLHaY,1,P,N,,,,,,,,,
https://www.youtube.com/watch?v=vdnn1CJLOjY,1,P,N,,,,,,,,,
https://www.youtube.com/watch?v=rKp9U3e6uw8,1,O,N,,,,,,,,,
https://www.youtube.com/watch?v=rQTart4Ehj4,1,P,P,,,,,,,,,
https://www.youtube.com/watch?v=4REA_xukMvM,1,P,N,,,,,,,,,
https://www.youtube.com/watch?v=pfu4nGu0hmQ,1,P,P,,,,,,,,,
https://www.youtube.com/watch?v=4bLL02pwQkc,1,P,P,,,,,,,,,
https://www.youtube.com/watch?v=35-zaaSrSD0,1,P,N,,,,,,,,,
https://www.youtube.com/watch?v=MIRbSmFhiCg,1,P,P,,,,,,,,,
https://www.youtube.com/watch?v=xfX46SkfDsY,1,O,P,,,,,,,,,
https://www.youtube.com/watch?v=4NfL_xKGFKM,1,P,N,,,,,,,,,
https://www.youtube.com/watch?v=Ghee3DxX0LA,1,RE,P,,,,,,,,,
https://www.youtube.com/watch?v=SXCtTIrg2Xc,1,O,P,,,,,,,,,
https://www.youtube.com/watch?v=htpc0qdZUxU,1,O,P,,,,,,,,,
https://www.youtube.com/watch?v=rX_BqYfkGB8,1,O,P,,,,,,,,,
https://www.youtube.com/watch?v=ffXrl6TF-Qk,1,O,P,,,,,,,,,
https://www.youtube.com/watch?v=Grm0ABxrcRE,1,O,P,,,,,,,,,
https://www.youtube.com/watch?v=SgrKWHAi9vQ,1,O,P,,,,,,,,,
https://www.youtube.com/watch?v=rQtozq_2oK8,1,O,P,,,,,,,,,
https://www.youtube.com/watch?v=bUGSJu52WU4,1,O,P,,,,,,,,,
https://www.youtube.com/watch?v=6tWrKLkiMrs,1,O,P,,,,,,,,,
https://www.youtube.com/watch?v=YWRZPU7SUOM,1,O,P,,,,,,,,,
https://www.youtube.com/watch?v=AyHZr0L-EKU,1,O,P,,,,,,,,,
https://www.youtube.com/watch?v=n2HSyXLbcQg,1,O,P,,,,,,,,,
https://www.youtube.com/watch?v=vQFcq8-xpl4,1,O,P,,,,,,,,,
https://www.youtube.com/watch?v=v9a0zPgXfFw,1,O,P,,,,,,,,,
https://www.youtube.com/watch?v=T_Xd-MPQvYg,1,O,P,,,,,,,,,
https://www.youtube.com/watch?v=iqlRCm4tYu8,1,O,P,,,,,,,,,
https://www.youtube.com/watch?v=2UPezQIkCSw,1,O,P,,,,,,,,,
https://www.youtube.com/watch?v=FGLUOlZqNeA,1,SG,P,,,,,,,,,
https://www.youtube.com/watch?v=DpBE3Zoslx4,1,P,P,,,,,,,,,
https://www.youtube.com/watch?v=KTZTMzS01X4,1,O,P,,,,,,,,,
https://www.youtube.com/watch?v=EiKYCqbfe6g,1,P,N,,,,,,,,,
https://www.youtube.com/watch?v=FE-zn0FcnyE,1,P,N,,,,,,,,,
https://www.youtube.com/watch?v=p-ybXnBC0Ao,1,O,N,,,,,,,,,
https://www.youtube.com/watch?v=yqZEEE3fS9Q,1,SG,N,,,,,,,,,
https://www.youtube.com/watch?v=qMk85oNtUs0,1,SG,N,,,,,,,,,
https://www.youtube.com/watch?v=oMCn8rHd9TE,1,P,P,,,,,,,,,
https://www.youtube.com/watch?v=BhBd9wdoFvk,1,O,N,,,,,,,,,
https://www.youtube.com/watch?v=F-XNaXWl4dc,1,SG,N,,,,,,,,,
https://www.youtube.com/watch?v=KEbCXBJllIU,1,O,N,,,,,,,,,
https://www.youtube.com/watch?v=XiuEnHBBolc,1,RE,N,,,,,,,,,
https://www.youtube.com/watch?v=sPUxH_tPlI8,1,O,N,,,,,,,,,
https://www.youtube.com/watch?v=kLFCaGtr96U,1,O,P,,,,,,,,,
https://www.youtube.com/watch?v=-lqxsStoJVI,1,O,P,,,,,,,,,
https://www.youtube.com/watch?v=cmNUiW0xklU,1,P,P,,,,,,,,,
https://www.youtube.com/watch?v=aJZPHk5cC3s,1,SG,N,,,,,,,,,
https://www.youtube.com/watch?v=aMDEDVtYdR8,1,O,N,,,,,,,,,
https://www.youtube.com/watch?v=B7cjSKj0okw,1,SG,P,,,,,,,,,
https://www.youtube.com/watch?v=2HAYtxSGws0,1,O,P,,,,,,,,,
https://www.youtube.com/watch?v=nGl21-LcWcA,1,P,N,,,,,,,,,
https://www.youtube.com/watch?v=cejDAq42DxQ,1,SG,N,,,,,,,,,
https://www.youtube.com/watch?v=BjOPSNyvvxE,1,SG,P,,,,,,,,,
https://www.youtube.com/watch?v=bvkYeUaGl-k,1,O,N,,,,,,,,,
https://www.youtube.com/watch?v=PsXwbz2kDWQ,1,P,P,,,,,,,,,
https://www.youtube.com/watch?v=dxtJugNYcp0,1,O,P,,,,,,,,,
https://www.youtube.com/watch?v=lhvdlodxcB4,1,O,N,,,,,,,,,
https://www.youtube.com/watch?v=RZyvZnImrQw,1,P,P,,,,,,,,,
https://www.youtube.com/watch?v=smLrj_h8p_o,1,O,P,,,,,,,,,
https://www.youtube.com/watch?v=QAQgyiGKzFY,1,P,N,,,,,,,,,
https://www.youtube.com/watch?v=etjU939sH0k,1,O,P,,,,,,,,,
https://www.youtube.com/watch?v=LRZyLkRAMX8,1,SG,N,,,,,,,,,
https://www.youtube.com/watch?v=rcYFf392IEI,1,O,P,,,,,,,,,
https://www.youtube.com/watch?v=3Ko59PmgTyw,1,O,P,,,,,,,,,
https://www.youtube.com/watch?v=PpGRBIIDPQI,1,O,P,,,,,,,,,
https://www.youtube.com/watch?v=mYhayiFHONU,1,P,N,,,,,,,,,
https://www.youtube.com/watch?v=tVTY6of2_lM,1,SG,N,,,,,,,,,
https://www.youtube.com/watch?v=Xuec1FhS8d0,1,O,P,,,,,,,,,
https://www.youtube.com/watch?v=dHiK2VOP3Qw,1,O,P,,,,,,,,,
https://www.youtube.com/watch?v=7MN42OFSjho,1,O,P,,,,,,,,,
https://www.youtube.com/watch?v=q0EIJPnCxB4,1,O,N,,,,,,,,,
https://www.youtube.com/watch?v=VEMH18io4TE,1,P,P,,,,,,,,,
https://www.youtube.com/watch?v=PPsjto4Cj1M,1,P,N,,,,,,,,,
https://www.youtube.com/watch?v=xldDxqMQ8YU,1,O,N,,,,,,,,,
https://www.youtube.com/watch?v=3JO5uhxJ-Bs,1,RE,N,,,,,,,,,
https://www.youtube.com/watch?v=adpOwIsDjKs,1,O,P,,,,,,,,,
https://www.youtube.com/watch?v=apVR62smDbU,1,SG,N,,,,,,,,,
https://www.youtube.com/watch?v=JHg6pFtxWvo,1,O,N,,,,,,,,,
https://www.youtube.com/watch?v=uGD-qnLyDOk,1,O,P,,,,,,,,,
https://www.youtube.com/watch?v=0r57OoVNMI4,1,P,P,,,,,,,,,
https://www.youtube.com/watch?v=tPANOaeoAto,1,P,N,,,,,,,,,
https://www.youtube.com/watch?v=1ySj8_UGNks,1,P,P,,,,,,,,,
https://www.youtube.com/watch?v=BH9zrD_7zfg,1,O,P,,,,,,,,,
https://www.youtube.com/watch?v=TfFvQ79MRpE,1,RE,N,,,,,,,,,
https://www.youtube.com/watch?v=sYtw_SFhRv8,1,P,N,,,,,,,,,
https://www.youtube.com/watch?v=mpxDBzloy-w,1,O,P,,,,,,,,,
https://www.youtube.com/watch?v=h7T4JewkrXU,1,SG,N,,,,,,,,,
https://www.youtube.com/watch?v=TPERnz9m4RE,1,P,N,,,,,,,,,
https://www.youtube.com/watch?v=KQvPbLhHGoc,1,RE,P,,,,,,,,,
https://www.youtube.com/watch?v=w5pA2ohJ9PY,1,O,N,,,,,,,,,
https://www.youtube.com/watch?v=y_WKzNiZupw,1,P,P,,,,,,,,,
https://www.youtube.com/watch?v=QCtRmyMMmis,1,P,N,,,,,,,,,
https://www.youtube.com/watch?v=Oa99ayG2aBU,1,O,P,,,,,,,,,
https://www.youtube.com/watch?v=a4I7VzBmxE8,1,O,N,,,,,,,,,
https://www.youtube.com/watch?v=Zs_mj3mFpsM,1,P,P,,,,,,,,,
https://www.youtube.com/watch?v=vLxfc1Dug0M,1,O,P,,,,,,,,,
https://www.youtube.com/watch?v=WiSyEtGqeTU,1,RE,P,,,,,,,,,
https://www.youtube.com/watch?v=5x_xJrtXSx4,1,O,N,,,,,,,,,
https://www.youtube.com/watch?v=SF85V534yn0,1,O,P,,,,,,,,,
https://www.youtube.com/watch?v=YLuJ2p7Yc9w,1,O,P,,,,,,,,,
https://www.youtube.com/watch?v=NpgTTGRjydc,1,SG,P,,,,,,,,,
https://www.youtube.com/watch?v=2_PBX_5SSog,1,P,P,,,,,,,,,
https://www.youtube.com/watch?v=4PKBmLn_1zM,1,P,P,,,,,,,,,
https://www.youtube.com/watch?v=v1k5Y_Y_U8U,1,O,N,,,,,,,,,
https://www.youtube.com/watch?v=fFygtzGNJI8,1,O,P,,,,,,,,,
https://www.youtube.com/watch?v=IaQmi7HxNOM,1,P,N,,,,,,,,,
https://www.youtube.com/watch?v=mU3kFsBIogw,1,P,P,,,,,,,,,
https://www.youtube.com/watch?v=rkbagV2VK1o,1,P,N,,,,,,,,,
https://www.youtube.com/watch?v=bgqYNNNMt3w,1,O,P,,,,,,,,,
https://www.youtube.com/watch?v=FcO65cxXSKE,1,P,N,,,,,,,,,
https://www.youtube.com/watch?v=KCntZ9a1QsY,1,O,P,,,,,,,,,
https://www.youtube.com/watch?v=cJQcEo_ImTo,1,P,N,,,,,,,,,
https://www.youtube.com/watch?v=OwK34qlUli4,1,RE,P,,,,,,,,,
https://www.youtube.com/watch?v=K42Ndb7vung,1,P,P,,,,,,,,,
https://www.youtube.com/watch?v=b1Hy05ETC0I,1,O,P,,,,,,,,,
https://www.youtube.com/watch?v=9I5EwiP_mF4,1,P,P,,,,,,,,,
https://www.youtube.com/watch?v=kl2Q9sk0VUo,1,P,N,,,,,,,,,
https://www.youtube.com/watch?v=1_JgNECA_so,1,P,N,,,,,,,,,
https://www.youtube.com/watch?v=qtGXnlPZUuA,1,P,N,,,,,,,,,
https://www.youtube.com/watch?v=zWVNgmp-fUU,1,P,N,,,,,,,,,
https://www.youtube.com/watch?v=eS4dM2PoB_A,1,P,N,,,,,,,,,
https://www.youtube.com/watch?v=2pEOg2rYwfY,1,P,N,,,,,,,,,
https://www.youtube.com/watch?v=5XlRoLMGLWw,1,SG,P,,,,,,,,,
https://www.youtube.com/watch?v=T40Cfs2JiU8,1,P,N,,,,,,,,,
https://www.youtube.com/watch?v=6oiGVOTJRCg,1,P,P,,,,,,,,,
https://www.youtube.com/watch?v=02LvZICA-6s,1,P,N,,,,,,,,,
https://www.youtube.com/watch?v=e_XzfglVk0o,1,P,P,,,,,,,,,
https://www.youtube.com/watch?v=vZVrVh4oDUs,1,P,N,,,,,,,,,
https://www.youtube.com/watch?v=232zkl-JUhc,1,P,P,,,,,,,,,
https://www.youtube.com/watch?v=2Kz9-_7tcF8,1,O,N,,,,,,,,,
https://www.youtube.com/watch?v=dT8JmffQ1lw,1,P,N,,,,,,,,,
https://www.youtube.com/watch?v=KaRfwM13hsI,1,P,P,,,,,,,,,
https://www.youtube.com/watch?v=JtGNuWj7Tds,1,P,N,,,,,,,,,
https://www.youtube.com/watch?v=6oSWDdcrkqc,1,P,P,,,,,,,,,
https://www.youtube.com/watch?v=KjYK2hlOc8A,1,P,N,,,,,,,,,
https://www.youtube.com/watch?v=Rn_i7RSJiYY,1,O,N,,,,,,,,,
https://www.youtube.com/watch?v=7EAYmOgJCVg,1,P,N,,,,,,,,,
https://www.youtube.com/watch?v=PVE-TbUcQvQ,1,P,P,,,,,,,,,
https://www.youtube.com/watch?v=EnmtKipH3zc,1,P,P,,,,,,,,,
https://www.youtube.com/watch?v=Vr1UvSh3AsI,1,P,N,,,,,,,,,
https://www.youtube.com/watch?v=OxzS_MxWD-I,1,P,N,,,,,,,,,
https://www.youtube.com/watch?v=cGeYXGA31hA,1,P,N,,,,,,,,,
https://www.youtube.com/watch?v=YW7UlXMrbmY,1,P,P,,,,,,,,,
https://www.youtube.com/watch?v=sGJyJr-1ATg,1,P,P,,,,,,,,,
https://www.youtube.com/watch?v=Bt2MYm55eXY,1,P,N,,,,,,,,,
https://www.youtube.com/watch?v=vGO0D-6BhF0,1,P,P,,,,,,,,,
https://www.youtube.com/watch?v=36S7ycxY16g,1,P,N,,,,,,,,,
https://www.youtube.com/watch?v=UNbQEM4fRoU,1,SG,P,,,,,,,,,
https://www.youtube.com/watch?v=h5UhUkd71vc,1,P,N,,,,,,,,,
https://www.youtube.com/watch?v=jsd4Us1MNQU,1,P,N,,,,,,,,,
https://www.youtube.com/watch?v=C76Nt7ntENY,1,P,P,,,,,,,,,
https://www.youtube.com/watch?v=2uFaPCyPZgw,1,P,N,,,,,,,,,
https://www.youtube.com/watch?v=iNcfGjie_II,1,O,P,,,,,,,,,
https://www.youtube.com/watch?v=X21APuOBEo4,1,O,P,,,,,,,,,
https://www.youtube.com/watch?v=cLHmhqtgsc0,1,P,P,,,,,,,,,
https://www.youtube.com/watch?v=dU8LoIUvVtg,1,O,P,,,,,,,,,
https://www.youtube.com/watch?v=IOK-dXUgxLU,1,P,P,,,,,,,,,
https://www.youtube.com/watch?v=T7JZUEWyIIg,1,P,N,,,,,,,,,
https://www.youtube.com/watch?v=MTyd5rjXFrw,1,P,N,,,,,,,,,
https://www.youtube.com/watch?v=nBCHOQIGkiI,1,O,P,,,,,,,,,
https://www.youtube.com/watch?v=lgSdHXEudso,1,P,N,,,,,,,,,
https://www.youtube.com/watch?v=OrLtSApOMLw,1,P,N,,,,,,,,,
https://www.youtube.com/watch?v=ESIoNFeynGw,1,P,N,,,,,,,,,
https://www.youtube.com/watch?v=We6Qf15y_gI,1,P,N,,,,,,,,,
https://www.youtube.com/watch?v=ZoBUxX2jKzc,1,P,P,,,,,,,,,
https://www.youtube.com/watch?v=5TUQGqncTCY,1,P,P,,,,,,,,,
https://www.youtube.com/watch?v=4ZhzKZ8oj0g,1,RE,N,,,,,,,,,
https://www.youtube.com/watch?v=jIsqEKGc0dQ,1,O,P,,,,,,,,,
https://www.youtube.com/watch?v=eFauDfLyQoY,1,O,P,,,,,,,,,
https://www.youtube.com/watch?v=P3kRP6sCtAU,1,P,N,,,,,,,,,
https://www.youtube.com/watch?v=QBEKrQgXmAo,1,P,P,,,,,,,,,
https://www.youtube.com/watch?v=J8zzuGQZUHo,1,P,N,,,,,,,,,
https://www.youtube.com/watch?v=RTtwfO6_3uw,1,P,P,,,,,,,,,
https://www.youtube.com/watch?v=osCdwMgcki8,1,P,N,,,,,,,,,
https://www.youtube.com/watch?v=31qlnJ0AfaE,1,P,N,,,,,,,,,
https://www.youtube.com/watch?v=Dyb29erfDXo,1,P,N,,,,,,,,,
https://www.youtube.com/watch?v=3RohnPD2MCQ,1,P,N,,,,,,,,,
https://www.youtube.com/watch?v=MMjZn2e0fX8,1,P,N,,,,,,,,,
https://www.youtube.com/watch?v=BMjLIqVFRh4,1,O,P,,,,,,,,,
https://www.youtube.com/watch?v=_Wb21vfZI1k,1,RE,P,,,,,,,,,
https://www.youtube.com/watch?v=B_JiIqQqy3g,1,P,N,,,,,,,,,
https://www.youtube.com/watch?v=etNR3eEeb1M,1,P,P,,,,,,,,,
https://www.youtube.com/watch?v=tyDP3tl3xgo,1,O,P,,,,,,,,,
https://www.youtube.com/watch?v=z2MCTuc48LY,1,P,P,,,,,,,,,
https://www.youtube.com/watch?v=gQhDqx3C7Qs,1,P,N,,,,,,,,,
https://www.youtube.com/watch?v=LUbWOmnwKVQ,1,O,P,,,,,,,,,
https://www.youtube.com/watch?v=PzppwXujZ28,1,P,P,,,,,,,,,
https://www.youtube.com/watch?v=_QK189US-oU,1,P,P,,,,,,,,,
https://www.youtube.com/watch?v=NGQ8kTve4C0,1,P,P,,,,,,,,,
https://www.youtube.com/watch?v=JK57mF7TGak,1,P,P,,,,,,,,,
https://www.youtube.com/watch?v=x807klq8JLg,1,P,N,,,,,,,,,
https://www.youtube.com/watch?v=7tawpMJzQkQ,1,P,N,,,,,,,,,
https://www.youtube.com/watch?v=xkfO6KKDEXg,1,O,P,,,,,,,,,
https://www.youtube.com/watch?v=qtIXFJFyZkk,1,P,N,,,,,,,,,
https://www.youtube.com/watch?v=_aS6S2gfSL8,1,P,N,,,,,,,,,
https://www.youtube.com/watch?v=TJFLwkfWClc,1,P,N,,,,,,,,,
https://www.youtube.com/watch?v=m0I0tmxlHoY,1,O,N,,,,,,,,,
https://www.youtube.com/watch?v=g9HWkgkiSXg,1,SG,P,,,,,,,,,
https://www.youtube.com/watch?v=rYR2vykXgiM,1,RE,P,,,,,,,,,
https://www.youtube.com/watch?v=7BNOrYTjrek,1,O,P,,,,,,,,,
https://www.youtube.com/watch?v=kzNC5163qHk,1,SG,P,,,,,,,,,
https://www.youtube.com/watch?v=jJLlsuTQe6E,1,O,P,,,,,,,,,
https://www.youtube.com/watch?v=kz47cxKNA_s,1,P,N,,,,,,,,,
https://www.youtube.com/watch?v=pyaL2qWoGB8,1,P,P,,,,,,,,,
https://www.youtube.com/watch?v=HQcrhzcz5RY,1,P,N,,,,,,,,,
https://www.youtube.com/watch?v=exT0Xrp7hG8,1,P,N,,,,,,,,,
https://www.youtube.com/watch?v=byd9ln24hFw,1,P,P,,,,,,,,,
https://www.youtube.com/watch?v=b4pHB8kCDZ8,1,SG,P,,,,,,,,,
https://www.youtube.com/watch?v=j7RfnbUXtTo,1,RE,P,,,,,,,,,
https://www.youtube.com/watch?v=4AMFas0J0fE,1,SG,P,,,,,,,,,
https://www.youtube.com/watch?v=oh_lj1oIYe0,1,RE,P,,,,,,,,,
https://www.youtube.com/watch?v=1EPYay3qRiI,1,RE,N,,,,,,,,,
https://www.youtube.com/watch?v=8_dtWsRCNU8,1,RE,N,,,,,,,,,
https://www.youtube.com/watch?v=HezxVILqyxc,1,RE,N,,,,,,,,,
https://www.youtube.com/watch?v=6wCo154Wbjs,1,RE,N,,,,,,,,,
https://www.youtube.com/watch?v=bNxuYBmW5e4,1,RE,P,,,,,,,,,
https://www.youtube.com/watch?v=uqH4QIZ3VqY,1,RE,P,,,,,,,,,
https://www.youtube.com/watch?v=1263cyZjRwc,1,SG,P,,,,,,,,,
https://www.youtube.com/watch?v=VsMAnwJ7aMI,1,SG,P,,,,,,,,,
https://www.youtube.com/watch?v=WQAI1SA5DDE,1,SG,P,,,,,,,,,
https://www.youtube.com/watch?v=KCMdJFk6Thw,1,RE,N,,,,,,,,,
https://www.youtube.com/watch?v=yu4mX2BMP-M,1,RE,P,,,,,,,,,
https://www.youtube.com/watch?v=BnLU2BHWe0I,1,SG,N,,,,,,,,,
https://www.youtube.com/watch?v=zp6TEPuQ7vw,1,SG,N,,,,,,,,,
https://www.youtube.com/watch?v=P9fDcd0g-rA,1,RE,N,,,,,,,,,
https://www.youtube.com/watch?v=YW80E0pdhQs,1,SG,P,,,,,,,,,
https://www.youtube.com/watch?v=IhQMnIDodPw,1,RE,N,,,,,,,,,
https://www.youtube.com/watch?v=LuCy8HtAupM,1,SG,P,,,,,,,,,
https://www.youtube.com/watch?v=tCHG1eUL4-I,1,SG,N,,,,,,,,,
https://www.youtube.com/watch?v=VhZmHH5m-70,1,SG,N,,,,,,,,,
https://www.youtube.com/watch?v=uJFO9GKLjK4,1,RE,P,,,,,,,,,
https://www.youtube.com/watch?v=m79xauroaV0,1,SG,P,,,,,,,,,
https://www.youtube.com/watch?v=mU9qCcwxtwo,1,RE,P,,,,,,,,,
https://www.youtube.com/watch?v=ap2hK02jdck,1,RE,P,,,,,,,,,
https://www.youtube.com/watch?v=FaDyf8NDkSo,1,RE,P,,,,,,,,,
https://www.youtube.com/watch?v=a82iY3MSKNk,1,RE,P,,,,,,,,,
https://www.youtube.com/watch?v=wOpf5FlHxOU,1,SG,N,,,,,,,,,
https://www.youtube.com/watch?v=bvZz7bo883s,1,SG,N,,,,,,,,,
https://www.youtube.com/watch?v=NyaW3Xjf3R8,1,SG,N,,,,,,,,,
https://www.youtube.com/watch?v=SeXZWaxe4hs,1,SG,N,,,,,,,,,
https://www.youtube.com/watch?v=ojUtcemY6rU,1,SG,P,,,,,,,,,
https://www.youtube.com/watch?v=GcMGLB3YRwA,1,SG,P,,,,,,,,,
https://www.youtube.com/watch?v=fRbcN22zIow,1,SG,P,,,,,,,,,
https://www.youtube.com/watch?v=JsDHi8565LU,1,SG,P,,,,,,,,,
https://www.youtube.com/watch?v=0MPOOnxGT4w,1,SG,P,,,,,,,,,
https://www.youtube.com/watch?v=0U-fsqhWay4,1,SG,P,,,,,,,,,
https://www.youtube.com/watch?v=hDsZOSU4w70,1,SG,N,,,,,,,,,
https://www.youtube.com/watch?v=cfnkJ427JTk,1,SG,P,,,,,,,,,
https://www.youtube.com/watch?v=w1BShgpyqUg,1,SG,P,,,,,,,,,
https://www.youtube.com/watch?v=hGq5j-Aq4QE,1,SG,P,,,,,,,,,
https://www.youtube.com/watch?v=ZIhSLIpkE6M,1,SG,P,,,,,,,,,
https://www.youtube.com/watch?v=6u7K7kImYRo,1,SG,P,,,,,,,,,
https://www.youtube.com/watch?v=K1_V415THuo,1,SG,N,,,,,,,,,
https://www.youtube.com/watch?v=lmflpXxPVHg,1,SG,N,,,,,,,,,
https://www.youtube.com/watch?v=wTb9iH5eF9M,1,SG,N,,,,,,,,,
https://www.youtube.com/watch?v=3za6mSZvcUo,1,RE,P,,,,,,,,,
https://www.youtube.com/watch?v=2M9iSZb4YRg,1,RE,P,,,,,,,,,
https://www.youtube.com/watch?v=48AkpthMK2k,1,RE,P,,,,,,,,,
https://www.youtube.com/watch?v=mNJTJ_hHNSU,1,RE,N,,,,,,,,,
https://www.youtube.com/watch?v=P-KRAAgg11k,1,SG,N,,,,,,,,,
https://www.youtube.com/watch?v=93JrLP0BoyQ,1,RE,P,,,,,,,,,
https://www.youtube.com/watch?v=3W6PY2huJkU,1,RE,N,,,,,,,,,
https://www.youtube.com/watch?v=zD7xAtBZSL4,1,RE,N,,,,,,,,,
https://www.youtube.com/watch?v=46MeJxazebk,1,O,N,,,,,,,,,
https://www.youtube.com/watch?v=6Pnv8kCHDA0,1,SG,N,,,,,,,,,
https://www.youtube.com/watch?v=_Qv6JVjbtIQ,1,SG,P,,,,,,,,,
https://www.youtube.com/watch?v=1Imex4TbomM,1,RE,P,,,,,,,,,
https://www.youtube.com/watch?v=7yEjscLbFfc,1,SG,N,,,,,,,,,
https://www.youtube.com/watch?v=C1zaK_2k5lg,1,RE,P,,,,,,,,,
https://www.youtube.com/watch?v=_NgrTxYA8mU,1,RE,P,,,,,,,,,
https://www.youtube.com/watch?v=m2sDa8NXWkY,1,SG,N,,,,,,,,,
https://www.youtube.com/watch?v=alYEYeYZ4Cc,1,SG,N,,,,,,,,,
https://www.youtube.com/watch?v=DPQboLyfPcQ,1,SG,N,,,,,,,,,
https://www.youtube.com/watch?v=9m6TgnmBe1s,1,SG,N,,,,,,,,,
https://www.youtube.com/watch?v=9WoiP6c1-mk,1,SG,N,,,,,,,,,
https://www.youtube.com/watch?v=DaZA8ruw6zE,1,RE,P,,,,,,,,,
https://www.youtube.com/watch?v=7CL2Sl1yH-g,1,RE,P,,,,,,,,,
https://www.youtube.com/watch?v=6TQxqQ9TtwI,1,RE,P,,,,,,,,,
https://www.youtube.com/watch?v=08AX0m4DBRc,1,RE,P,,,,,,,,,
https://www.youtube.com/watch?v=zwigYHL4gDc,1,RE,P,,,,,,,,,
https://www.youtube.com/watch?v=FaDyf8NDkSo,1,RE,P,,,,,,,,,
https://www.youtube.com/watch?v=Q8xmmjXyyzw,1,RE,P,,,,,,,,,
https://www.youtube.com/watch?v=sRrB1K3E1ho,1,RE,P,,,,,,,,,
https://www.youtube.com/watch?v=k9JBNOnSgbY,1,SG,N,,,,,,,,,
https://www.youtube.com/watch?v=4f0P_7fYWC4,1,SG,N,,,,,,,,,
https://www.youtube.com/watch?v=lKEfOg_pB5g,1,SG,N,,,,,,,,,
https://www.youtube.com/watch?v=wxrPhUbPgaM,1,SG,P,,,,,,,,,
https://www.youtube.com/watch?v=JjJL5EEiyS0,1,SG,N,,,,,,,,,
https://www.youtube.com/watch?v=Iv0PzpAep8A,1,SG,N,,,,,,,,,
https://www.youtube.com/watch?v=21wQwpZxyq0,1,SG,P,,,,,,,,,
https://www.youtube.com/watch?v=EtM5OkZj0Us,1,SG,N,,,,,,,,,
https://www.youtube.com/watch?v=BD0XCA4W9KE,1,O,N,,,,,,,,,
https://www.youtube.com/watch?v=TvMCpm4vJiM,1,SG,N,,,,,,,,,
https://www.youtube.com/watch?v=dRUqcnst7Gc,1,SG,P,,,,,,,,,
https://www.youtube.com/watch?v=B_PMyAQXwiA,1,SG,P,,,,,,,,,
https://www.youtube.com/watch?v=nLqz-6NLwkI,1,SG,N,,,,,,,,,
https://www.youtube.com/watch?v=UXdVlKxkw0Y,1,SG,P,,,,,,,,,
https://www.youtube.com/watch?v=yNAg8yarUVU,1,SG,N,,,,,,,,,
https://www.youtube.com/watch?v=egYsWD-QU7s,1,SG,N,,,,,,,,,
https://www.youtube.com/watch?v=TPM2r_OCJPY,1,SG,N,,,,,,,,,
https://www.youtube.com/watch?v=eeb3s5Gw644,1,SG,P,,,,,,,,,
https://www.youtube.com/watch?v=CD9g0u25oR8,1,SG,P,,,,,,,,,
https://www.youtube.com/watch?v=gdOQ33Q8t_Q,1,SG,P,,,,,,,,,
https://www.youtube.com/watch?v=44jET9omjBY,1,SG,N,,,,,,,,,
https://www.youtube.com/watch?v=V_acUujBOZw,1,SG,N,,,,,,,,,
https://www.youtube.com/watch?v=_xPtXziCSnk,1,SG,P,,,,,,,,,
https://www.youtube.com/watch?v=Wxn_qmMLKys,1,SG,P,,,,,,,,,
https://www.youtube.com/watch?v=sh66CZNhU9U,1,SG,P,,,,,,,,,
https://www.youtube.com/watch?v=WUEpJR3_Fdg,1,SG,N,,,,,,,,,
https://www.youtube.com/watch?v=iT8kpUknn2g,1,O,N,,,,,,,,,
https://www.youtube.com/watch?v=wSZb_Sqwltw,1,RE,N,,,,,,,,,
https://www.youtube.com/watch?v=sm-sa96pAr4,1,SG,N,,,,,,,,,
https://www.youtube.com/watch?v=0l2v0suXcaE,1,SG,N,,,,,,,,,
https://www.youtube.com/watch?v=_0egMl417j4,1,SG,N,,,,,,,,,
https://www.youtube.com/watch?v=0auRK9qFbgI,1,SG,N,,,,,,,,,
https://www.youtube.com/watch?v=y9EXffFjkko,1,SG,N,,,,,,,,,
https://www.youtube.com/watch?v=xbsvPhg53Kc,1,RE,P,,,,,,,,,
https://www.youtube.com/watch?v=BYU-u9n84oY,1,SG,N,,,,,,,,,
https://www.youtube.com/watch?v=hUwCLWl3P9E,1,SG,N,,,,,,,,,
https://www.youtube.com/watch?v=dqJ4kFaAdHA,1,RE,P,,,,,,,,,
https://www.youtube.com/watch?v=8Im88I5Rjjg,1,RE,P,,,,,,,,,
https://www.youtube.com/watch?v=gf0RuS3I-wc,1,RE,P,,,,,,,,,
https://www.youtube.com/watch?v=UXNv3n_mI5g,1,RE,P,,,,,,,,,
https://www.youtube.com/watch?v=owOdIEyfRtE,1,RE,P,,,,,,,,,
https://www.youtube.com/watch?v=HnH5qJI-Hn0,1,RE,P,,,,,,,,,
https://www.youtube.com/watch?v=2FTTx0S-BrE,1,RE,P,,,,,,,,,
https://www.youtube.com/watch?v=vHKYP2EjnwE,1,RE,P,,,,,,,,,
https://www.youtube.com/watch?v=fpHNemCm8FY,1,P,P,,,,,,,,,
https://www.youtube.com/watch?v=voIeFMsr5Bc,1,RE,N,,,,,,,,,
https://www.youtube.com/watch?v=jcvb-V9aaYA,1,P,P,,,,,,,,,
https://www.youtube.com/watch?v=gz7Vs6ZQyvg,1,RE,P,,,,,,,,,
https://www.youtube.com/watch?v=jnbrtOoy9DI,1,RE,P,,,,,,,,,
https://www.youtube.com/watch?v=UZ9sR6frB2I,1,SG,P,,,,,,,,,
https://www.youtube.com/watch?v=d2BZUAoV1KA,1,RE,P,,,,,,,,,
https://www.youtube.com/watch?v=c0gSGwrO1VI,1,RE,P,,,,,,,,,
https://www.youtube.com/watch?v=rDDDToeADpE,1,RE,P,,,,,,,,,
https://www.youtube.com/watch?v=zMxTymjBE-Y,1,O,P,,,,,,,,,
https://www.youtube.com/watch?v=sVmMjisNt9o,1,O,N,,,,,,,,,
